Variable,Tipo,Disponibles,Ausentes,Ausencia_%,Ceros,Negativos,No_finitos,No_numericos,Valores_distintos,Minimo,Mediana,Maximo
n_cells_Y,float64,27,0,0.0,0,0,0,0,3,4.0,5.0,6.0
Fiber_height,float64,27,0,0.0,0,0,0,0,3,1.0,1.2,1.4
Fiber_base,float64,27,0,0.0,0,0,0,0,15,1.41,1.69,2.4
Fiber_total_length,float64,27,0,0.0,0,0,0,0,3,2685.82,3178.56,3725.65
Fiber_total_volume,float64,27,0,0.0,0,0,0,0,9,6259.11,6362.93,6435.3
Pivot_height,float64,27,0,0.0,0,0,0,0,3,1.0,1.2,1.4
Pivot_radius,float64,27,0,0.0,0,0,0,0,1,0.5,0.5,0.5
Pivot_total_number,float64,27,0,0.0,0,0,0,0,3,113.0,171.0,241.0
Pivot_total_volume,float64,27,0,0.0,0,0,0,0,9,88.71,161.08,264.9
Sample_total_volume,float64,27,0,0.0,0,0,0,0,24,6122.21,6452.1,6607.73
First_Failure_Load_N,float64,26,1,3.7037037037037033,0,0,0,0,26,47.55,101.89,215.52
Ultimate_Load,float64,26,1,3.7037037037037033,0,0,0,0,26,47.82,75.675,215.52
Maximum_Displacement,float64,26,1,3.7037037037037033,0,0,0,0,26,66.97,76.94,86.57
residual_Displacement_1cycle_10mm,float64,26,1,3.7037037037037033,0,0,0,0,26,2.74,4.605,7.78
residual_Displacement_2cycle_20mm,float64,26,1,3.7037037037037033,0,0,0,0,26,6.4,9.27,12.6
residual_Displacement_3cycle_30mm,float64,26,1,3.7037037037037033,0,0,0,0,26,10.83,15.46,17.7
residual_Displacement_4cycle_40mm,float64,26,1,3.7037037037037033,0,0,0,0,26,17.92,22.47,24.63
residual_Displacement_5cycle_50mm,float64,26,1,3.7037037037037033,0,0,0,0,24,24.93,30.295,32.63
residual_Displacement_6cycle_60mm,float64,20,7,25.925925925925924,0,0,0,0,18,33.48,40.61,42.19
Energy_Dissipated__cycle_1,float64,26,1,3.7037037037037033,0,10,0,0,26,-0.4113,0.16770000000000002,2.2313
Energy_Dissipated__cycle_2,float64,26,1,3.7037037037037033,0,0,0,0,26,1.4992,7.58455,13.6819
Energy_Dissipated__cycle_3,float64,26,1,3.7037037037037033,0,0,0,0,26,7.0892,21.3898,35.2713
Energy_Dissipated__cycle_4,float64,26,1,3.7037037037037033,0,0,0,0,26,20.0931,45.12385,61.4049
Energy_Dissipated__cycle_5,float64,26,1,3.7037037037037033,0,0,0,0,26,45.4941,83.6567,363.8487
Energy_Dissipated__cycle_6,float64,20,7,25.925925925925924,0,0,0,0,20,87.1943,151.99790000000002,226.7376
Energy_Dissipated__cycle_7,float64,7,20,74.07407407407408,0,0,0,0,7,336.5337,361.8877,386.4422
Energy_Fracture__event_1,float64,26,1,3.7037037037037033,0,0,0,0,26,210.866,1405.5,2939.3
Energy_Fracture__event_2,float64,24,3,11.11111111111111,0,0,0,0,24,28.8881,275.67595,589.713
Energy_Fracture__event_3,float64,22,5,18.51851851851852,0,0,0,0,22,67.8376,190.88675,691.9393
Energy_Fracture__event_4,float64,19,8,29.629629629629626,0,0,0,0,19,9.1676,151.375,339.6653
Energy_Fracture__event_5,float64,17,10,37.03703703703704,0,0,0,0,17,32.3337,191.7934,756.8873
Energy_Fracture__event_6,float64,7,20,74.07407407407408,0,0,0,0,7,36.1162,69.0101,242.241
Energy_Fracture__event_7,float64,6,21,77.77777777777779,0,0,0,0,6,23.1845,41.28965,75.6409
Energy_Fracture__event_8,float64,4,23,85.18518518518519,0,0,0,0,4,27.7895,89.2605,284.4988
Energy_Fracture__event_9,float64,2,25,92.5925925925926,0,0,0,0,2,89.9859,93.14994999999999,96.314
Energy_Fracture__event_10,float64,1,26,96.29629629629629,0,0,0,0,1,41.3671,41.3671,41.3671
Energy_Fracture__event_11,float64,1,26,96.29629629629629,0,0,0,0,1,75.0021,75.0021,75.0021
Energy_Fracture__event_12,float64,1,26,96.29629629629629,0,0,0,0,1,71.2461,71.2461,71.2461
Energy_Fracture__event_13,float64,1,26,96.29629629629629,0,0,0,0,1,64.2911,64.2911,64.2911
