Familia,Variable,Base_familia,Disponibles,Ausentes,Ausencia_%
4.0,First_Failure_Load_N,9,8,1,11.11111111111111
4.0,Ultimate_Load,9,8,1,11.11111111111111
4.0,Maximum_Displacement,9,8,1,11.11111111111111
4.0,residual_Displacement_1cycle_10mm,9,8,1,11.11111111111111
4.0,residual_Displacement_2cycle_20mm,9,8,1,11.11111111111111
4.0,residual_Displacement_3cycle_30mm,9,8,1,11.11111111111111
4.0,residual_Displacement_4cycle_40mm,9,8,1,11.11111111111111
4.0,residual_Displacement_5cycle_50mm,9,8,1,11.11111111111111
4.0,residual_Displacement_6cycle_60mm,9,4,5,55.55555555555556
4.0,Energy_Dissipated__cycle_1,9,8,1,11.11111111111111
4.0,Energy_Dissipated__cycle_2,9,8,1,11.11111111111111
4.0,Energy_Dissipated__cycle_3,9,8,1,11.11111111111111
4.0,Energy_Dissipated__cycle_4,9,8,1,11.11111111111111
4.0,Energy_Dissipated__cycle_5,9,8,1,11.11111111111111
4.0,Energy_Dissipated__cycle_6,9,4,5,55.55555555555556
4.0,Energy_Dissipated__cycle_7,9,0,9,100.0
4.0,Energy_Fracture__event_1,9,8,1,11.11111111111111
4.0,Energy_Fracture__event_2,9,8,1,11.11111111111111
4.0,Energy_Fracture__event_3,9,8,1,11.11111111111111
4.0,Energy_Fracture__event_4,9,7,2,22.22222222222222
4.0,Energy_Fracture__event_5,9,7,2,22.22222222222222
4.0,Energy_Fracture__event_6,9,4,5,55.55555555555556
4.0,Energy_Fracture__event_7,9,4,5,55.55555555555556
4.0,Energy_Fracture__event_8,9,3,6,66.66666666666666
4.0,Energy_Fracture__event_9,9,2,7,77.77777777777779
4.0,Energy_Fracture__event_10,9,1,8,88.88888888888889
4.0,Energy_Fracture__event_11,9,1,8,88.88888888888889
4.0,Energy_Fracture__event_12,9,1,8,88.88888888888889
4.0,Energy_Fracture__event_13,9,1,8,88.88888888888889
5.0,First_Failure_Load_N,9,9,0,0.0
5.0,Ultimate_Load,9,9,0,0.0
5.0,Maximum_Displacement,9,9,0,0.0
5.0,residual_Displacement_1cycle_10mm,9,9,0,0.0
5.0,residual_Displacement_2cycle_20mm,9,9,0,0.0
5.0,residual_Displacement_3cycle_30mm,9,9,0,0.0
5.0,residual_Displacement_4cycle_40mm,9,9,0,0.0
5.0,residual_Displacement_5cycle_50mm,9,9,0,0.0
5.0,residual_Displacement_6cycle_60mm,9,7,2,22.22222222222222
5.0,Energy_Dissipated__cycle_1,9,9,0,0.0
5.0,Energy_Dissipated__cycle_2,9,9,0,0.0
5.0,Energy_Dissipated__cycle_3,9,9,0,0.0
5.0,Energy_Dissipated__cycle_4,9,9,0,0.0
5.0,Energy_Dissipated__cycle_5,9,9,0,0.0
5.0,Energy_Dissipated__cycle_6,9,7,2,22.22222222222222
5.0,Energy_Dissipated__cycle_7,9,0,9,100.0
5.0,Energy_Fracture__event_1,9,9,0,0.0
5.0,Energy_Fracture__event_2,9,9,0,0.0
5.0,Energy_Fracture__event_3,9,9,0,0.0
5.0,Energy_Fracture__event_4,9,9,0,0.0
5.0,Energy_Fracture__event_5,9,7,2,22.22222222222222
5.0,Energy_Fracture__event_6,9,2,7,77.77777777777779
5.0,Energy_Fracture__event_7,9,2,7,77.77777777777779
5.0,Energy_Fracture__event_8,9,1,8,88.88888888888889
5.0,Energy_Fracture__event_9,9,0,9,100.0
5.0,Energy_Fracture__event_10,9,0,9,100.0
5.0,Energy_Fracture__event_11,9,0,9,100.0
5.0,Energy_Fracture__event_12,9,0,9,100.0
5.0,Energy_Fracture__event_13,9,0,9,100.0
6.0,First_Failure_Load_N,9,9,0,0.0
6.0,Ultimate_Load,9,9,0,0.0
6.0,Maximum_Displacement,9,9,0,0.0
6.0,residual_Displacement_1cycle_10mm,9,9,0,0.0
6.0,residual_Displacement_2cycle_20mm,9,9,0,0.0
6.0,residual_Displacement_3cycle_30mm,9,9,0,0.0
6.0,residual_Displacement_4cycle_40mm,9,9,0,0.0
6.0,residual_Displacement_5cycle_50mm,9,9,0,0.0
6.0,residual_Displacement_6cycle_60mm,9,9,0,0.0
6.0,Energy_Dissipated__cycle_1,9,9,0,0.0
6.0,Energy_Dissipated__cycle_2,9,9,0,0.0
6.0,Energy_Dissipated__cycle_3,9,9,0,0.0
6.0,Energy_Dissipated__cycle_4,9,9,0,0.0
6.0,Energy_Dissipated__cycle_5,9,9,0,0.0
6.0,Energy_Dissipated__cycle_6,9,9,0,0.0
6.0,Energy_Dissipated__cycle_7,9,7,2,22.22222222222222
6.0,Energy_Fracture__event_1,9,9,0,0.0
6.0,Energy_Fracture__event_2,9,7,2,22.22222222222222
6.0,Energy_Fracture__event_3,9,5,4,44.44444444444444
6.0,Energy_Fracture__event_4,9,3,6,66.66666666666666
6.0,Energy_Fracture__event_5,9,3,6,66.66666666666666
6.0,Energy_Fracture__event_6,9,1,8,88.88888888888889
6.0,Energy_Fracture__event_7,9,0,9,100.0
6.0,Energy_Fracture__event_8,9,0,9,100.0
6.0,Energy_Fracture__event_9,9,0,9,100.0
6.0,Energy_Fracture__event_10,9,0,9,100.0
6.0,Energy_Fracture__event_11,9,0,9,100.0
6.0,Energy_Fracture__event_12,9,0,9,100.0
6.0,Energy_Fracture__event_13,9,0,9,100.0
