Variable,Disponibles,Ausentes,Ceros,Negativos,No_finitos,No_numericos
First_Failure_Load_N,26,1,0,0,0,0
Ultimate_Load,26,1,0,0,0,0
Maximum_Displacement,26,1,0,0,0,0
residual_Displacement_1cycle_10mm,26,1,0,0,0,0
residual_Displacement_2cycle_20mm,26,1,0,0,0,0
residual_Displacement_3cycle_30mm,26,1,0,0,0,0
residual_Displacement_4cycle_40mm,26,1,0,0,0,0
residual_Displacement_5cycle_50mm,26,1,0,0,0,0
residual_Displacement_6cycle_60mm,20,7,0,0,0,0
Energy_Dissipated__cycle_1,26,1,0,10,0,0
Energy_Dissipated__cycle_2,26,1,0,0,0,0
Energy_Dissipated__cycle_3,26,1,0,0,0,0
Energy_Dissipated__cycle_4,26,1,0,0,0,0
Energy_Dissipated__cycle_5,26,1,0,0,0,0
Energy_Dissipated__cycle_6,20,7,0,0,0,0
Energy_Dissipated__cycle_7,7,20,0,0,0,0
Energy_Fracture__event_1,26,1,0,0,0,0
Energy_Fracture__event_2,24,3,0,0,0,0
Energy_Fracture__event_3,22,5,0,0,0,0
Energy_Fracture__event_4,19,8,0,0,0,0
Energy_Fracture__event_5,17,10,0,0,0,0
Energy_Fracture__event_6,7,20,0,0,0,0
Energy_Fracture__event_7,6,21,0,0,0,0
Energy_Fracture__event_8,4,23,0,0,0,0
Energy_Fracture__event_9,2,25,0,0,0,0
Energy_Fracture__event_10,1,26,0,0,0,0
Energy_Fracture__event_11,1,26,0,0,0,0
Energy_Fracture__event_12,1,26,0,0,0,0
Energy_Fracture__event_13,1,26,0,0,0,0
