Variable,Nivel,Alertas,Valores_evaluados,MAD_no_calculable
Fiber_base,Familia,0,27,0
Fiber_base,Global,0,27,0
Fiber_height,Familia,0,27,0
Fiber_height,Global,0,27,0
Fiber_total_length,Familia,0,27,27
Fiber_total_length,Global,0,27,0
Fiber_total_volume,Familia,0,27,0
Fiber_total_volume,Global,0,27,0
First_Failure_Load_N,Familia,0,26,0
First_Failure_Load_N,Global,0,26,0
Maximum_Displacement,Familia,0,26,0
Maximum_Displacement,Global,0,26,0
Pivot_height,Familia,0,27,0
Pivot_height,Global,0,27,0
Pivot_total_volume,Familia,0,27,0
Pivot_total_volume,Global,0,27,0
Sample_total_volume,Familia,0,27,0
Sample_total_volume,Global,0,27,0
Ultimate_Load,Familia,3,26,0
Ultimate_Load,Global,3,26,0
residual_Displacement_1cycle_10mm,Familia,0,26,0
residual_Displacement_1cycle_10mm,Global,1,26,0
residual_Displacement_2cycle_20mm,Familia,1,26,0
residual_Displacement_2cycle_20mm,Global,2,26,0
residual_Displacement_3cycle_30mm,Familia,3,26,0
residual_Displacement_3cycle_30mm,Global,2,26,0
residual_Displacement_4cycle_40mm,Familia,1,26,0
residual_Displacement_4cycle_40mm,Global,3,26,0
residual_Displacement_5cycle_50mm,Familia,2,26,0
residual_Displacement_5cycle_50mm,Global,4,26,0
residual_Displacement_6cycle_60mm,Familia,2,20,0
residual_Displacement_6cycle_60mm,Global,1,20,0
