Case_n,Variable,Grupo,Nivel,Valor,Bandera_IQR,Bandera_MAD,z_robusto
10,Ultimate_Load,global,Global,178.49,False,True,3.5987370869958553
22,Ultimate_Load,global,Global,215.52,True,True,4.894863472556878
24,Ultimate_Load,global,Global,195.72,False,True,4.201822629075694
9,residual_Displacement_1cycle_10mm,global,Global,7.78,True,True,3.965749920134369
9,residual_Displacement_2cycle_20mm,global,Global,12.6,True,True,3.906175422874704
25,residual_Displacement_2cycle_20mm,global,Global,6.4,True,False,-3.366583622717837
25,residual_Displacement_3cycle_30mm,global,Global,10.83,True,True,-4.4296277211458985
27,residual_Displacement_3cycle_30mm,global,Global,11.41,True,True,-3.8747283521902567
7,residual_Displacement_4cycle_40mm,global,Global,18.27,True,False,-3.0960185254902015
25,residual_Displacement_4cycle_40mm,global,Global,17.92,True,False,-3.35402006928105
27,residual_Displacement_4cycle_40mm,global,Global,18.19,True,False,-3.1549903069281084
4,residual_Displacement_5cycle_50mm,global,Global,24.93,True,True,-3.809092115581034
7,residual_Displacement_5cycle_50mm,global,Global,25.64,True,False,-3.304999775960804
8,residual_Displacement_5cycle_50mm,global,Global,25.89,True,False,-3.127502473277624
27,residual_Displacement_5cycle_50mm,global,Global,25.55,True,False,-3.368898804926748
4,residual_Displacement_6cycle_60mm,global,Global,33.48,True,True,-4.473592482695876
4,residual_Displacement_6cycle_60mm,4.0,Familia,33.48,False,True,-4.397280264627851
10,Ultimate_Load,5.0,Familia,178.49,True,False,3.4697771412996765
14,Ultimate_Load,5.0,Familia,147.2,True,False,2.2165239178058878
18,residual_Displacement_4cycle_40mm,5.0,Familia,21.18,True,True,-3.8993938683210967
18,residual_Displacement_5cycle_50mm,5.0,Familia,28.95,True,False,-2.1583672006274632
22,Ultimate_Load,6.0,Familia,215.52,True,False,1.1882462069353947
25,residual_Displacement_2cycle_20mm,6.0,Familia,6.4,True,False,-2.7807910753698084
24,residual_Displacement_3cycle_30mm,6.0,Familia,13.49,False,True,-5.287999641537278
25,residual_Displacement_3cycle_30mm,6.0,Familia,10.83,False,True,-12.464570583623587
27,residual_Displacement_3cycle_30mm,6.0,Familia,11.41,False,True,-10.899754363168679
27,residual_Displacement_5cycle_50mm,6.0,Familia,25.55,True,False,-3.3796241738548307
27,residual_Displacement_6cycle_60mm,6.0,Familia,36.16,False,True,-3.5523126843660373
