Variable,Problema,Evidencia,Posible causa,Impacto,Tratamiento,Justificación
First_Failure_Load_N,Resumen no idéntico a primer pico en algunas fichas,"Casos 3, 9, 12: resumen vs primer Upper Force; ver trazabilidad",Selección operacional o redondeo por aclarar,El evento exacto no se reconstruye solo del resumen,Conservar target publicado; documentar discrepancia,No sustituir el target por otro campo sin revisar protocolo
Outputs del caso 2,Ausencia conjunta,Caso 2; comentario fuente: outputs por revisar,Problemas en outputs según fuente/apéndice,Sin objetivo observado para supervisión,Conservar geometría; excluir solo de análisis que requiere objetivo,No inventar respuesta ni afirmar ensayo inexistente
Residual 6 / disipación 6,Coausencia,Máscaras idénticas por caso,Causa individual no documentada,Composición cambia entre ciclos,Contrastar cohorte común y pares disponibles,Separar trayectoria de selección
Disipación ciclo 7,Cobertura por familia,Solo familia de seis celdas,Diseño o desarrollo; por confirmar,Sin comparación entre todas las familias,No imputar otros grupos,Ausencia no equivale a energía nula
Energy_Fracture,Posiciones finales vacías,NaN y longitudes observadas variables,Posiciones reservadas o falta documental,Conteo observado no certifica todos los eventos,Usar secuencia observada; no NaN como cero,Evitar inventar energía total
Disipación ciclo 1,Negativos,"Casos: 3, 5, 9, 11, 13, 15, 16, 17, 18, 26",Convención/procesamiento/resolución por verificar,Logaritmo directo no admisible en todos los valores,Preservar signos; cotejar curvas,Sin fundamento para truncar o usar valor absoluto
Disipación ciclo 5,Extremo,Caso 5: 363.8487 mJ,Respuesta real o incidencia no resuelta,Influencia en resúmenes/asociaciones,Conservar y evaluar sensibilidad,Extremo no demuestra error
Fiber_base,Selección histórica distinta,Snapshot la incluye; esquema actual la excluye,Evolución de configuración,Reproducir con otro esquema cambia columnas,Mantener ambos estados; EDA usa columna existente,Selección no equivale a inexistencia
Pivot_radius,Constante,Radio único: 0.5 mm,Diseño sin variación de radio,No se estima asociación ni efecto del radio,Conservar; excluir del ajuste por varianza nula,No confundir falta de variación con falta de efecto
Volumen/altura de pivotes,Desviación de cilindro ideal,"Casos: 23, 25, 26",Definición o registro; diferencias PDF–MATLAB,Afecta variables derivadas,Señalar y contrastar sensibilidad,5 % no es tolerancia metrológica
Fiber_base / Pivot_height,Diferencia PDF–MATLAB,"Caso 14: base PDF 1.66 mm vs MATLAB 1.56 mm; alturas de pivote: casos 21, 23, 24, 25, 26",Versión/transcripción no resuelta,Geometría documental no unívoca,Conservar .m y cotejo por página,No elegir una fuente como verdad sin validación
Fichas de tesis,Campos geométricos desplazados,"Casos 5, 12, 13; ver trazabilidad",Maquetación/etiquetado,La corrección automática con PDF puede ser errónea,Revisión por variable y caso,El PDF también requiere contraste
V_fibras + V_pivotes,Identidad algebraica,Suma 6524.01 mm³,Restricción del diseño/construcción de campos,Redundancia determinística,Controlar selección conjunta,No atribuir efectos independientes
Sample_total_volume,CAD distinto de suma,Diferencia CAD−suma variable,Definición CAD/intersecciones; por cotejar,Normalizaciones pueden confundirse,Mantener definiciones diferenciadas,Suma de partes no reemplaza volumen CAD
Factores parciales repetidos,Réplica no acreditada,Tabla 09_configuraciones_repetidas,Otras dimensiones difieren,Dependencia no completamente documentada,No promediar ni multiplicar unidades por ciclo,Faltan espécimen/lote/réplica
Ultimate_Load,Respuesta de rotura total,Puede ser menor que primera falla; tesis cap.9,"Daño progresivo compatible, no probado por agregados",Confundir con máximo crea falsas incoherencias,Tratar como output posterior,No reconstruir curvas a partir de agregados
Energías,Unidad no indicada en .m,mJ en fichas PDF 117/121,Metadatos omitidos en script,Posibles etiquetas/conversiones erróneas,Registrar mJ con fuente; sin modificar valores,"Unidad documental, no inferida de magnitud"
Manifiestos preliminary,Ruta histórica,Hash válido; ruta de corrida original,Copia de snapshot,Ubicación actual diferente,Separar ubicación y procedencia,Integridad no exige ruta idéntica
