__source_record,Case_n,n_cells_Y,Fiber_height,Fiber_base,Fiber_total_length,Fiber_total_volume,Pivot_height,Pivot_radius,Pivot_total_number,Pivot_total_volume,Sample_total_volume,First_Failure_Load_N
1,1,4.0,1.0,2.4,2685.82,6435.3,1.0,0.5,113.0,88.71,6249.74,47.55
3,3,4.0,1.4,1.71,2685.82,6435.3,1.0,0.5,113.0,88.71,6122.21,88.5
4,4,4.0,1.0,2.39,2685.82,6417.56,1.2,0.5,113.0,106.45,6240.2,86.45
5,5,4.0,1.2,1.99,2685.82,6417.56,1.2,0.5,113.0,106.45,6170.23,59.68
6,6,4.0,1.4,1.71,2685.82,6417.56,1.2,0.5,113.0,106.45,6139.96,63.05
7,7,4.0,1.0,2.38,2685.82,6399.82,1.4,0.5,113.0,124.19,6230.67,71.19
8,8,4.0,1.2,1.99,2685.82,6399.82,1.4,0.5,113.0,124.19,6187.98,74.02
9,9,4.0,1.4,1.7,2685.82,6399.82,1.4,0.5,113.0,124.19,6124.9,61.43
10,10,5.0,1.0,2.01,3178.56,6389.75,1.0,0.5,171.0,134.26,6514.73,114.3
11,11,5.0,1.2,1.68,3178.56,6389.75,1.0,0.5,171.0,134.26,6477.33,100.77
12,12,5.0,1.4,1.43,3178.56,6389.75,1.0,0.5,171.0,134.26,6390.81,111.98
13,13,5.0,1.0,2.0,3178.56,6362.93,1.2,0.5,171.0,161.08,6508.15,91.39
14,14,5.0,1.2,1.56,3178.56,6362.93,1.2,0.5,171.0,161.08,6371.6,103.01
15,15,5.0,1.4,1.43,3178.56,6362.93,1.2,0.5,171.0,161.08,6417.67,98.3
16,16,5.0,1.0,1.99,3178.56,6336.08,1.4,0.5,171.0,187.93,6501.59,91.8
17,17,5.0,1.2,1.66,3178.56,6336.08,1.4,0.5,171.0,187.93,6452.1,75.71
18,18,5.0,1.4,1.42,3178.56,6336.08,1.4,0.5,171.0,187.93,6399.09,107.15
19,19,6.0,1.0,2.0,3725.65,6334.82,1.0,0.5,241.0,189.19,6575.88,208.74
20,20,6.0,1.2,1.42,3725.65,6334.82,1.0,0.5,241.0,189.19,6580.83,209.6
21,21,6.0,1.4,1.69,3725.65,6296.99,1.2,0.5,241.0,227.02,6607.73,198.47
22,22,6.0,1.0,1.41,3725.65,6296.99,1.2,0.5,241.0,227.02,6486.15,215.52
23,23,6.0,1.2,1.69,3725.65,6296.99,1.4,0.5,241.0,227.02,6486.15,212.43
24,24,6.0,1.4,1.68,3725.65,6259.11,1.4,0.5,241.0,264.9,6558.92,205.34
25,25,6.0,1.0,1.68,3725.65,6259.11,1.0,0.5,241.0,264.9,6558.92,193.2
26,26,6.0,1.2,1.42,3725.65,6259.11,1.2,0.5,241.0,264.9,6524.01,198.11
27,27,6.0,1.4,1.42,3725.65,6259.11,1.4,0.5,241.0,264.9,6524.01,191.39
