variable,nombre,rol,unidad,formula,limitacion,n_efectivo,valores_distintos,media,mediana,desviacion,minimo,maximo,rango,Q05,Q10,Q25,Q75,Q90,Q95,IQR,MAD,CV_pct,asimetria,curtosis_excedente,masa_valor_mas_frecuente_pct,advertencia_CV
n_cells_Y,Celdas en Y,INPUT,conteo,valor fuente,Geometría previa; dependencia del diseño experimental,27,3,5.0,5.0,0.8320502943378437,4.0,6.0,2.0,4.0,4.0,4.0,6.0,6.0,6.0,2.0,1.0,16.641005886756876,0.0,-1.56,33.33333333333333,CV descriptivo; requiere escala de razón y media distinta de cero
Fiber_height,Altura de fibra,INPUT,mm,valor fuente,Geometría previa; dependencia del diseño experimental,27,3,1.2,1.2,0.1664100588675687,1.0,1.4,0.3999999999999999,1.0,1.0,1.0,1.4,1.4,1.4,0.3999999999999999,0.19999999999999996,13.867504905630728,0.0,-1.560000000000001,33.33333333333333,CV descriptivo; requiere escala de razón y media distinta de cero
Fiber_base,Base de fibra,INPUT,mm,valor fuente,Geometría previa; dependencia del diseño experimental,27,15,1.772592592592593,1.69,0.3082780038136481,1.41,2.4,0.99,1.42,1.42,1.495,1.995,2.158000000000001,2.387,0.5,0.27,17.391362521873166,0.6622156536867259,-0.35633467673830843,14.814814814814813,CV descriptivo; requiere escala de razón y media distinta de cero
Fiber_total_length,Longitud de fibras,INPUT,mm,valor fuente,Geometría previa; dependencia del diseño experimental,27,3,3196.6766666666663,3178.56,432.7923562260455,2685.82,3725.65,1039.83,2685.82,2685.82,2685.82,3725.65,3725.65,3725.65,1039.83,492.7399999999998,13.53882176258194,0.06773085593634648,-1.56,33.33333333333333,CV descriptivo; requiere escala de razón y media distinta de cero
Fiber_total_volume,Volumen de fibras,INPUT,mm³,valor fuente,Geometría previa; dependencia del diseño experimental,27,9,6356.347037037035,6362.93,58.71632952102569,6259.11,6435.3,176.1900000000005,6259.11,6259.11,6315.905,6399.82,6424.656,6435.3,83.91499999999996,36.88999999999942,0.9237432943622896,-0.37471622292275647,-1.0604208229669845,14.814814814814813,CV descriptivo; requiere escala de razón y media distinta de cero
Pivot_height,Altura de pivote,INPUT,mm,valor fuente,Geometría previa; dependencia del diseño experimental,27,3,1.2,1.2,0.1664100588675687,1.0,1.4,0.3999999999999999,1.0,1.0,1.0,1.4,1.4,1.4,0.3999999999999999,0.19999999999999996,13.867504905630728,0.0,-1.5600000000000005,33.33333333333333,CV descriptivo; requiere escala de razón y media distinta de cero
Pivot_radius,Radio de pivote,INPUT,mm,valor fuente,Geometría previa; dependencia del diseño experimental,27,1,0.5,0.5,0.0,0.5,0.5,0.0,0.5,0.5,0.5,0.5,0.5,0.5,0.0,0.0,0.0,,,100.0,CV descriptivo; requiere escala de razón y media distinta de cero
Pivot_total_number,Número de pivotes,INPUT,conteo,valor fuente,Geometría previa; dependencia del diseño experimental,27,3,175.0,171.0,53.32916650389353,113.0,241.0,128.0,113.0,113.0,113.0,241.0,241.0,241.0,128.0,58.0,30.4738094307963,0.12103623334558015,-1.56,33.33333333333333,CV descriptivo; requiere escala de razón y media distinta de cero
Pivot_total_volume,Volumen de pivotes,INPUT,mm³,valor fuente,Geometría previa; dependencia del diseño experimental,27,9,167.66296296296295,161.08,58.716329521025514,88.71,264.9,176.19,88.71,99.354,124.19,208.10500000000002,264.9,264.9,83.91500000000002,36.890000000000015,35.020453225555876,0.3747162229228625,-1.0604208229669285,14.814814814814813,CV descriptivo; requiere escala de razón y media distinta de cero
Sample_total_volume,Volumen del espécimen,INPUT,mm³,valor fuente,Geometría previa; dependencia del diseño experimental,27,24,6390.746296296297,6452.1,164.5356666302091,6122.21,6607.73,485.5199999999995,6129.418,6145.138,6235.4349999999995,6519.37,6565.704,6579.345,283.9350000000004,106.81999999999971,2.574592371560178,-0.4878321690812766,-1.3333876053609168,7.4074074074074066,CV descriptivo; requiere escala de razón y media distinta de cero
First_Failure_Load_N,Primera falla,OUTPUT,N,valor fuente,Posensayo; excluido de INPUT,26,26,126.11846153846153,101.89,59.911845953354344,47.55,215.52,167.97000000000003,60.1175,62.239999999999995,78.395,196.8825,209.17000000000002,211.7225,118.4875,34.77,47.50442181304552,0.4710921777853739,-1.5439865199249503,3.8461538461538463,CV descriptivo; requiere escala de razón y media distinta de cero
Ultimate_Load,Carga de rotura final,OUTPUT,N,valor fuente,"Posensayo; excluido de INPUT; fuerza del evento terminal/rotura final, no máximo global (docs/trazabilidad_datos.md)",26,26,95.67192307692306,75.675,45.36960744985398,47.82,215.52,167.70000000000002,51.6725,53.974999999999994,64.08500000000001,116.935,162.845,191.4125,52.849999999999994,19.270000000000003,47.422071168544896,1.372940305745173,1.2157413951845566,3.8461538461538463,CV descriptivo; requiere escala de razón y media distinta de cero
Maximum_Displacement,Desplazamiento máximo,OUTPUT,mm,valor fuente,Posensayo; excluido de INPUT,26,26,76.75038461538462,76.94,4.7913976923392445,66.97,86.57,19.599999999999994,69.3875,71.39500000000001,73.5025,79.625,82.275,84.575,6.122500000000002,3.3149999999999977,6.242832158236258,0.05649193323655349,-0.26851992148087733,3.8461538461538463,CV descriptivo; requiere escala de razón y media distinta de cero
residual_Displacement_1cycle_10mm,"Residual, ciclo 1",OUTPUT,mm,valor fuente,Posensayo; excluido de INPUT,26,26,4.826923076923077,4.605,1.1180152744243497,2.74,7.78,5.04,3.1225,3.6900000000000004,4.195,5.3425,6.1899999999999995,6.422499999999999,1.1475,0.54,23.162069430305255,0.5646539991913612,0.820123262896939,3.8461538461538463,CV descriptivo; requiere escala de razón y media distinta de cero
residual_Displacement_2cycle_20mm,"Residual, ciclo 2",OUTPUT,mm,valor fuente,Posensayo; excluido de INPUT,26,26,9.401538461538463,9.27,1.2674500141865708,6.4,12.6,6.199999999999999,7.325,8.235,8.870000000000001,10.065,10.925,11.31,1.1949999999999985,0.5749999999999993,13.481304356427277,0.11890008871818653,1.5084824072791276,3.8461538461538463,CV descriptivo; requiere escala de razón y media distinta de cero
residual_Displacement_3cycle_30mm,"Residual, ciclo 3",OUTPUT,mm,valor fuente,Posensayo; excluido de INPUT,26,26,15.065384615384614,15.46,1.5795701460061362,10.83,17.7,6.869999999999999,11.93,13.665,14.2775,15.69,16.785,17.455000000000002,1.4124999999999996,0.7050000000000001,10.48476481903486,-0.9414440928507634,1.7053673194160144,3.8461538461538463,CV descriptivo; requiere escala de razón y media distinta de cero
residual_Displacement_4cycle_40mm,"Residual, ciclo 4",OUTPUT,mm,valor fuente,Posensayo; excluido de INPUT,26,26,21.978846153846156,22.47,1.9720493440542037,17.92,24.63,6.709999999999997,18.21,18.455,21.325,23.325000000000003,23.795,24.04,2.0000000000000036,0.9150000000000027,8.972488047144859,-0.9822920947667009,-0.19035197296386341,3.8461538461538463,CV descriptivo; requiere escala de razón y media distinta de cero
residual_Displacement_5cycle_50mm,"Residual, ciclo 5",OUTPUT,mm,valor fuente,Posensayo; excluido de INPUT,26,24,29.80653846153846,30.295,2.1857519389129085,24.93,32.63,7.700000000000003,25.5725,25.765,29.3975,31.169999999999998,31.86,32.3375,1.7724999999999973,0.9499999999999993,7.3331290774785645,-1.104302892259241,0.28388108730791606,11.538461538461538,CV descriptivo; requiere escala de razón y media distinta de cero
residual_Displacement_6cycle_60mm,"Residual, ciclo 6",OUTPUT,mm,valor fuente,Posensayo; excluido de INPUT,20,18,39.825500000000005,40.61,2.244866600186207,33.48,42.19,8.71,36.025999999999996,36.682,38.995,41.197500000000005,41.763,42.152,2.2025000000000077,1.0749999999999993,5.636756852233385,-1.4912203164156423,2.1551108369295644,10.0,CV descriptivo; requiere escala de razón y media distinta de cero
Dissipated_cycle_1,"Energía disipada, ciclo 1",OUTPUT,mJ,Energy_Dissipated leído sin ejecución de MATLAB,Posensayo; unidad corroborada con tesis PDF pp.117/121 (docs/trazabilidad_datos.md); ausencia de energía no demuestra ausencia de evento/ciclo,26,26,0.4930692307692308,0.16770000000000002,0.8098359803166223,-0.4113,2.2313,2.6426,-0.29915,-0.28255,-0.1876,1.1412250000000002,1.6700499999999998,1.837,1.3288250000000001,0.45025000000000004,164.24386876731444,0.7728360115170998,-0.776524237686314,3.8461538461538463,CV energético requiere cautela: referencia de cero y valores con signo pendientes de conciliación
Dissipated_cycle_2,"Energía disipada, ciclo 2",OUTPUT,mJ,Energy_Dissipated leído sin ejecución de MATLAB,Posensayo; unidad corroborada con tesis PDF pp.117/121 (docs/trazabilidad_datos.md); ausencia de energía no demuestra ausencia de evento/ciclo,26,26,7.013873076923076,7.58455,2.8243623540272154,1.4992,13.6819,12.1827,3.4194,4.0229,4.96105,8.9459,10.11075,10.388925,3.98485,2.37715,40.26822731252271,0.206033835703524,-0.2839170266993243,3.8461538461538463,CV energético requiere cautela: referencia de cero y valores con signo pendientes de conciliación
Dissipated_cycle_3,"Energía disipada, ciclo 3",OUTPUT,mJ,Energy_Dissipated leído sin ejecución de MATLAB,Posensayo; unidad corroborada con tesis PDF pp.117/121 (docs/trazabilidad_datos.md); ausencia de energía no demuestra ausencia de evento/ciclo,26,26,21.182938461538463,21.3898,7.115833968500215,7.0892,35.2713,28.1821,11.81245,14.13705,15.73755,26.5631,29.2812,33.122675,10.825549999999998,5.55025,33.592289291782286,0.16689237760693132,-0.5398440394967245,3.8461538461538463,CV energético requiere cautela: referencia de cero y valores con signo pendientes de conciliación
Dissipated_cycle_4,"Energía disipada, ciclo 4",OUTPUT,mJ,Energy_Dissipated leído sin ejecución de MATLAB,Posensayo; unidad corroborada con tesis PDF pp.117/121 (docs/trazabilidad_datos.md); ausencia de energía no demuestra ausencia de evento/ciclo,26,26,43.24942307692307,45.12385,10.62728971715019,20.0931,61.4049,41.3118,28.690725,29.532899999999998,35.7113,50.59975,56.447900000000004,59.691375,14.888449999999999,7.77685,24.572095905761742,-0.21640386333808656,-0.5356281175599253,3.8461538461538463,CV energético requiere cautela: referencia de cero y valores con signo pendientes de conciliación
Dissipated_cycle_5,"Energía disipada, ciclo 5",OUTPUT,mJ,Energy_Dissipated leído sin ejecución de MATLAB,Posensayo; unidad corroborada con tesis PDF pp.117/121 (docs/trazabilidad_datos.md); ausencia de energía no demuestra ausencia de evento/ciclo,26,26,93.12926923076922,83.6567,57.244361275310034,45.4941,363.8487,318.3546,55.246950000000005,64.9437,72.525225,97.579925,100.07215,104.4584,25.054699999999997,11.935250000000003,61.467637132920736,4.521655138968108,22.096798418420068,3.8461538461538463,CV energético requiere cautela: referencia de cero y valores con signo pendientes de conciliación
Dissipated_cycle_6,"Energía disipada, ciclo 6",OUTPUT,mJ,Energy_Dissipated leído sin ejecución de MATLAB,Posensayo; unidad corroborada con tesis PDF pp.117/121 (docs/trazabilidad_datos.md); ausencia de energía no demuestra ausencia de evento/ciclo,20,20,156.016095,151.99790000000002,32.5954653466992,87.1943,226.7376,139.5433,114.44809,121.50596999999999,137.961625,177.11785,194.84252,197.89094500000002,39.156225000000006,22.086049999999986,20.892373537934787,0.0871097416573108,0.2459209321884286,5.0,CV energético requiere cautela: referencia de cero y valores con signo pendientes de conciliación
Dissipated_cycle_7,"Energía disipada, ciclo 7",OUTPUT,mJ,Energy_Dissipated leído sin ejecución de MATLAB,Posensayo; unidad corroborada con tesis PDF pp.117/121 (docs/trazabilidad_datos.md); ausencia de energía no demuestra ausencia de evento/ciclo,7,7,360.77641428571434,361.8877,20.820775783451545,336.5337,386.4422,49.908500000000004,338.19573,339.85776,342.23474999999996,378.0509,384.92900000000003,385.6856,35.81615000000005,19.81389999999999,5.771102255859408,0.09794873418867796,-2.122984482093939,14.285714285714285,CV energético requiere cautela: referencia de cero y valores con signo pendientes de conciliación
Fracture_event_1,"Energía de fractura, evento 1",OUTPUT,mJ,Energy_Fracture leído sin ejecución de MATLAB,Posensayo; unidad corroborada con tesis PDF pp.117/121 (docs/trazabilidad_datos.md); ausencia de energía no demuestra ausencia de evento/ciclo,26,26,1741.3313153846152,1405.5,843.2008546173661,210.866,2939.3,2728.434,828.53575,942.0754,1138.1,2706.5,2911.5,2923.625,1568.4,382.4,48.42276981799554,0.3336416178577731,-1.3094716728246187,3.8461538461538463,CV energético requiere cautela: referencia de cero y valores con signo pendientes de conciliación
Fracture_event_2,"Energía de fractura, evento 2",OUTPUT,mJ,Energy_Fracture leído sin ejecución de MATLAB,Posensayo; unidad corroborada con tesis PDF pp.117/121 (docs/trazabilidad_datos.md); ausencia de energía no demuestra ausencia de evento/ciclo,24,24,287.144925,275.67595,171.17699563855268,28.8881,589.713,560.8249,40.204910000000005,71.19853,127.58435,424.804725,523.8042599999999,562.42452,297.220375,151.0409,59.613449772289265,0.12328396139574373,-0.974277194189495,4.166666666666666,CV energético requiere cautela: referencia de cero y valores con signo pendientes de conciliación
Fracture_event_3,"Energía de fractura, evento 3",OUTPUT,mJ,Energy_Fracture leído sin ejecución de MATLAB,Posensayo; unidad corroborada con tesis PDF pp.117/121 (docs/trazabilidad_datos.md); ausencia de energía no demuestra ausencia de evento/ciclo,22,22,245.30853181818182,190.88675,165.53512330259727,67.8376,691.9393,624.1017,86.68387,92.87331,135.458875,318.10505,443.5012500000001,560.4945099999999,182.646175,79.05900000000001,67.48037749673088,1.3300818077224799,1.3191722685491207,4.545454545454546,CV energético requiere cautela: referencia de cero y valores con signo pendientes de conciliación
Fracture_event_4,"Energía de fractura, evento 4",OUTPUT,mJ,Energy_Fracture leído sin ejecución de MATLAB,Posensayo; unidad corroborada con tesis PDF pp.117/121 (docs/trazabilidad_datos.md); ausencia de energía no demuestra ausencia de evento/ciclo,19,19,161.73682631578947,151.375,81.94315446125403,9.1676,339.6653,330.4977,28.19234,79.02716000000001,106.77385000000001,215.7297,255.22075999999998,278.64898999999986,108.95585,47.4559,50.664500057186025,0.19324811569307576,0.14198593276993465,5.263157894736842,CV energético requiere cautela: referencia de cero y valores con signo pendientes de conciliación
Fracture_event_5,"Energía de fractura, evento 5",OUTPUT,mJ,Energy_Fracture leído sin ejecución de MATLAB,Posensayo; unidad corroborada con tesis PDF pp.117/121 (docs/trazabilidad_datos.md); ausencia de energía no demuestra ausencia de evento/ciclo,17,17,257.8468941176471,191.7934,208.77532744106006,32.3337,756.8873,724.5536,42.766420000000004,60.65438,107.2369,312.5652,523.23598,676.64586,205.3283,116.0033,80.96871911352275,1.2092216155695452,0.979882340293488,5.88235294117647,CV energético requiere cautela: referencia de cero y valores con signo pendientes de conciliación
Fracture_event_6,"Energía de fractura, evento 6",OUTPUT,mJ,Energy_Fracture leído sin ejecución de MATLAB,Posensayo; unidad corroborada con tesis PDF pp.117/121 (docs/trazabilidad_datos.md); ausencia de energía no demuestra ausencia de evento/ciclo,7,7,102.03798571428571,69.0101,75.30707368345128,36.1162,242.241,206.12480000000002,39.1075,42.098800000000004,54.1766,129.2727,196.65906,219.45002999999994,75.09609999999998,23.264200000000002,73.80297950443371,1.343729212351627,0.9234357396446646,14.285714285714285,CV energético requiere cautela: referencia de cero y valores con signo pendientes de conciliación
Fracture_event_7,"Energía de fractura, evento 7",OUTPUT,mJ,Energy_Fracture leído sin ejecución de MATLAB,Posensayo; unidad corroborada con tesis PDF pp.117/121 (docs/trazabilidad_datos.md); ausencia de energía no demuestra ausencia de evento/ciclo,6,6,44.405499999999996,41.28965,20.421451034145445,23.1845,75.6409,52.4564,23.763575,24.34265,28.152375000000003,56.263675000000006,67.58420000000001,71.61255,28.111300000000004,16.947000000000003,45.98856230454661,0.6008627816312756,-0.858810837602527,16.666666666666664,CV energético requiere cautela: referencia de cero y valores con signo pendientes de conciliación
Fracture_event_8,"Energía de fractura, evento 8",OUTPUT,mJ,Energy_Fracture leído sin ejecución de MATLAB,Posensayo; unidad corroborada con tesis PDF pp.117/121 (docs/trazabilidad_datos.md); ausencia de energía no demuestra ausencia de evento/ciclo,4,4,122.702325,89.2605,111.99713713630884,27.7895,284.4988,256.70930000000004,35.484785,43.18007,66.265925,145.6969,228.97804000000005,256.73841999999996,79.430975,35.820049999999995,91.27548083242012,1.5588984223313131,2.8208318797917045,25.0,CV energético requiere cautela: referencia de cero y valores con signo pendientes de conciliación
Fracture_event_9,"Energía de fractura, evento 9",OUTPUT,mJ,Energy_Fracture leído sin ejecución de MATLAB,Posensayo; unidad corroborada con tesis PDF pp.117/121 (docs/trazabilidad_datos.md); ausencia de energía no demuestra ausencia de evento/ciclo,2,2,93.14994999999999,93.14994999999999,4.4746424220265855,89.9859,96.314,6.328099999999992,90.302305,90.61871,91.567925,94.73197499999999,95.68119,95.99759499999999,3.164049999999989,3.164049999999996,4.803698146941127,,,50.0,CV energético requiere cautela: referencia de cero y valores con signo pendientes de conciliación
Fracture_event_10,"Energía de fractura, evento 10",OUTPUT,mJ,Energy_Fracture leído sin ejecución de MATLAB,Posensayo; unidad corroborada con tesis PDF pp.117/121 (docs/trazabilidad_datos.md); ausencia de energía no demuestra ausencia de evento/ciclo,1,1,41.3671,41.3671,,41.3671,41.3671,0.0,41.3671,41.3671,41.3671,41.3671,41.3671,41.3671,0.0,0.0,,,,100.0,CV energético requiere cautela: referencia de cero y valores con signo pendientes de conciliación
Fracture_event_11,"Energía de fractura, evento 11",OUTPUT,mJ,Energy_Fracture leído sin ejecución de MATLAB,Posensayo; unidad corroborada con tesis PDF pp.117/121 (docs/trazabilidad_datos.md); ausencia de energía no demuestra ausencia de evento/ciclo,1,1,75.0021,75.0021,,75.0021,75.0021,0.0,75.0021,75.0021,75.0021,75.0021,75.0021,75.0021,0.0,0.0,,,,100.0,CV energético requiere cautela: referencia de cero y valores con signo pendientes de conciliación
Fracture_event_12,"Energía de fractura, evento 12",OUTPUT,mJ,Energy_Fracture leído sin ejecución de MATLAB,Posensayo; unidad corroborada con tesis PDF pp.117/121 (docs/trazabilidad_datos.md); ausencia de energía no demuestra ausencia de evento/ciclo,1,1,71.2461,71.2461,,71.2461,71.2461,0.0,71.2461,71.2461,71.2461,71.2461,71.2461,71.2461,0.0,0.0,,,,100.0,CV energético requiere cautela: referencia de cero y valores con signo pendientes de conciliación
Fracture_event_13,"Energía de fractura, evento 13",OUTPUT,mJ,Energy_Fracture leído sin ejecución de MATLAB,Posensayo; unidad corroborada con tesis PDF pp.117/121 (docs/trazabilidad_datos.md); ausencia de energía no demuestra ausencia de evento/ciclo,1,1,64.2911,64.2911,,64.2911,64.2911,0.0,64.2911,64.2911,64.2911,64.2911,64.2911,64.2911,0.0,0.0,,,,100.0,CV energético requiere cautela: referencia de cero y valores con signo pendientes de conciliación
Fiber_area_proxy,Área rectangular de fibra (proxy),INPUT derivada,mm²,Fiber_height * Fiber_base,Sección rectangular idealizada; no área resistente global,27,19,2.0969629629629627,2.01,0.2787462978686866,1.41,2.4,0.99,1.6872,1.704,1.9889999999999999,2.384,2.3939999999999997,2.3981999999999997,0.395,0.3059999999999998,13.292857470158852,-0.5283806510919725,-0.32450841819724063,7.4074074074074066,CV descriptivo; requiere escala de razón y media distinta de cero
Fiber_aspect_ratio,Altura / base de fibra,INPUT derivada,adimensional,Fiber_height / Fiber_base,Aspecto local; no aísla un efecto causal de forma,27,21,0.7046270704985652,0.7142857142857143,0.1841610153950009,0.4166666666666667,0.9859154929577465,0.5692488262910798,0.41893744945677014,0.4665746895773235,0.5488753290260828,0.8308678500986193,0.979020979020979,0.9838471387767163,0.2819925210725365,0.11904761904761907,26.135955188990415,-0.05881621860560228,-1.1332046949511332,7.4074074074074066,CV descriptivo; requiere escala de razón y media distinta de cero
Pivot_aspect_ratio,Altura / diámetro de pivote,INPUT derivada,adimensional,Pivot_height / (2 * Pivot_radius),Esbeltez geométrica nominal; radio constante en el diseño,27,3,1.2,1.2,0.1664100588675687,1.0,1.4,0.3999999999999999,1.0,1.0,1.0,1.4,1.4,1.4,0.3999999999999999,0.19999999999999996,13.867504905630728,0.0,-1.5600000000000005,33.33333333333333,CV descriptivo; requiere escala de razón y media distinta de cero
Fiber_I_proxy,Momento de área rectangular (proxy),INPUT derivada,mm⁴,Fiber_base * Fiber_height^3 / 12,Momento de área respecto al eje asociado a altura; no rigidez medida ni mecanismo demostrado,27,21,0.25872172839506163,0.24191999999999994,0.08569265501426288,0.1175,0.3910199999999999,0.27351999999999993,0.14775,0.16633333333333333,0.19875,0.3258499999999999,0.3873613333333332,0.3903339999999999,0.1270999999999999,0.07525333333333328,33.12155324017174,0.23408966503183357,-1.1908419418499205,7.4074074074074066,CV descriptivo; requiere escala de razón y media distinta de cero
Load_ratio_first_over_ultimate,Primera falla / Ultimate_Load,OUTPUT derivada,adimensional,First_Failure_Load_N / Ultimate_Load,Cociente primera/rotura final; no factor de seguridad ni reserva de carga,26,26,1.4425448799321643,1.1435281685733778,0.7783247179688351,0.6403720096363942,3.6131679737370055,2.9727959641006114,0.7203141977020546,0.8030285935435273,0.9799473186416036,1.5982381512520214,2.6643359072146993,3.1545263988933963,0.6182908326104178,0.27504836552517814,53.95497421234034,1.6604181723438962,2.1495341632699896,3.8461538461538463,CV descriptivo; requiere escala de razón y media distinta de cero
Load_per_specimen_volume,Carga / volumen del espécimen,OUTPUT derivada,N/mm³,First_Failure_Load_N / Sample_total_volume,Índice descriptivo de carga por volumen; no esfuerzo ni resistencia material,26,26,0.019542269152316907,0.015862194962924958,0.0089477428644793,0.007608316505966648,0.03322772368816633,0.025619407182199683,0.00976157451057844,0.010149174021136409,0.012434855906284882,0.02989104241272169,0.031796682883157214,0.03252601442606174,0.017456186506436808,0.0050149279327269085,45.7866115482217,0.4773787935962771,-1.5277530710423852,3.8461538461538463,CV descriptivo; requiere escala de razón y media distinta de cero
Load_per_pivot,Carga / número de pivotes,OUTPUT derivada,N/pivote,First_Failure_Load_N / Pivot_total_number,No presupone reparto uniforme de cargas entre pivotes,26,26,0.6815097076578406,0.6549490244786007,0.14517655940046978,0.4207964601769911,0.8942738589211618,0.4734773987441707,0.4640968017388604,0.5312930186823992,0.5621869016198313,0.8169398340248962,0.8679253112033195,0.8785165975103735,0.2547529324050649,0.12365600579620145,21.30219977341207,-0.03554152599168744,-1.2881774282957097,3.8461538461538463,CV descriptivo; requiere escala de razón y media distinta de cero
Load_per_cell_Y,Carga / celdas en Y,OUTPUT derivada,N/celda en Y,First_Failure_Load_N / n_cells_Y,Normalización por conteo en Y; no fuerza medida en cada celda,26,26,23.935237179487178,21.521250000000002,7.884557322622365,11.8875,35.92,24.032500000000002,14.9755,15.249749999999999,18.298499999999997,32.81375,34.861666666666665,35.287083333333335,14.515250000000002,5.961250000000002,32.941212420403915,0.3730280725759671,-1.4395510842965675,3.8461538461538463,CV descriptivo; requiere escala de razón y media distinta de cero
Fracture_observed_sum,Suma de energías de fractura registradas,OUTPUT derivada,mJ,"sum(Energy_Fracture disponible), min_count=1",Suma observada de longitud variable; no energía total del ensayo,26,26,2574.191980769231,2615.6983499999997,891.6507297401419,420.9964,4380.0073,3959.0109,1498.2164500000001,1689.9693000000002,1955.665925,3289.2984500000002,3559.33755,3668.097525,1333.6325250000002,688.1237500000001,34.63808202345867,-0.17732873253506296,-0.055163281167585065,3.8461538461538463,CV energético requiere cautela: referencia de cero y valores con signo pendientes de conciliación
Fracture_registered_events,Eventos con energía registrada,OUTPUT derivada,conteo,número de valores Energy_Fracture presentes,"Disponibilidad de registro, no conteo verificado de todas las fracturas",26,10,5.038461538461538,5.0,2.615045226848197,1.0,13.0,12.0,1.25,2.0,3.25,5.75,8.0,8.75,2.5,1.5,51.901660990880245,1.0159691970326723,2.265134865673458,38.46153846153847,CV descriptivo; requiere escala de razón y media distinta de cero
Fracture_initial_share,Fracción energética del evento inicial,OUTPUT derivada,adimensional,Energy_Fracture(evento1) / suma registrada,Comparte numerador y denominador con otras respuestas; sensible a cobertura de eventos,26,25,0.6550199212980288,0.6329227464174103,0.158095068294262,0.4673501300441054,1.0,0.5326498699558946,0.48840992377283116,0.4938438314159177,0.5111249126077435,0.7395316914975885,0.8656612381698667,0.9668283339126482,0.22840677888984495,0.11779668541900434,24.135917573464155,0.8515577177489733,-0.18123954768195327,7.6923076923076925,CV descriptivo; requiere escala de razón y media distinta de cero
Residual_fraction_cycle1,"Residual / amplitud, ciclo 1",OUTPUT derivada,adimensional,residual_Displacement_1cycle_10mm / 10 mm,Amplitud nominal del nombre de columna; no deformación unitaria,26,26,0.48269230769230764,0.4605,0.11180152744243496,0.274,0.778,0.504,0.31225,0.369,0.4195,0.53425,0.619,0.64225,0.11475000000000002,0.05400000000000002,23.162069430305255,0.5646539991913624,0.820123262896943,3.8461538461538463,CV descriptivo; requiere escala de razón y media distinta de cero
Residual_fraction_cycle2,"Residual / amplitud, ciclo 2",OUTPUT derivada,adimensional,residual_Displacement_2cycle_20mm / 20 mm,Amplitud nominal del nombre de columna; no deformación unitaria,26,26,0.47007692307692306,0.4635,0.06337250070932854,0.32,0.63,0.31,0.36624999999999996,0.41175,0.4435,0.50325,0.5462499999999999,0.5655,0.05974999999999997,0.028749999999999998,13.481304356427279,0.11890008871819123,1.508482407279132,3.8461538461538463,CV descriptivo; requiere escala de razón y media distinta de cero
Residual_fraction_cycle3,"Residual / amplitud, ciclo 3",OUTPUT derivada,adimensional,residual_Displacement_3cycle_30mm / 30 mm,Amplitud nominal del nombre de columna; no deformación unitaria,26,26,0.5021794871794871,0.5153333333333334,0.05265233820020455,0.361,0.59,0.22899999999999998,0.39766666666666667,0.4555,0.47591666666666665,0.523,0.5595,0.5818333333333334,0.047083333333333366,0.023499999999999993,10.484764819034861,-0.9414440928507619,1.7053673194160108,3.8461538461538463,CV descriptivo; requiere escala de razón y media distinta de cero
Residual_fraction_cycle4,"Residual / amplitud, ciclo 4",OUTPUT derivada,adimensional,residual_Displacement_4cycle_40mm / 40 mm,Amplitud nominal del nombre de columna; no deformación unitaria,26,26,0.5494711538461539,0.56175,0.0493012336013551,0.44800000000000006,0.61575,0.16774999999999995,0.45525000000000004,0.461375,0.533125,0.583125,0.594875,0.601,0.050000000000000044,0.022875000000000034,8.97248804714486,-0.9822920947666971,-0.1903519729638683,3.8461538461538463,CV descriptivo; requiere escala de razón y media distinta de cero
Residual_fraction_cycle5,"Residual / amplitud, ciclo 5",OUTPUT derivada,adimensional,residual_Displacement_5cycle_50mm / 50 mm,Amplitud nominal del nombre de columna; no deformación unitaria,26,24,0.5961307692307692,0.6059,0.04371503877825816,0.4986,0.6526000000000001,0.15400000000000008,0.51145,0.5153000000000001,0.58795,0.6234,0.6372,0.64675,0.03544999999999998,0.01899999999999996,7.33312907747856,-1.1043028922592466,0.28388108730792627,11.538461538461538,CV descriptivo; requiere escala de razón y media distinta de cero
Residual_fraction_cycle6,"Residual / amplitud, ciclo 6",OUTPUT derivada,adimensional,residual_Displacement_6cycle_60mm / 60 mm,Amplitud nominal del nombre de columna; no deformación unitaria,20,18,0.6637583333333332,0.6768333333333334,0.037414443336436794,0.5579999999999999,0.7031666666666666,0.14516666666666667,0.6004333333333333,0.6113666666666667,0.6499166666666667,0.686625,0.6960500000000001,0.7025333333333333,0.03670833333333334,0.01791666666666658,5.636756852233388,-1.491220316415625,2.1551108369295306,10.0,CV descriptivo; requiere escala de razón y media distinta de cero
Recovery_complement_cycle6,"Complemento residual nominal, ciclo 6",OUTPUT derivada,adimensional,1 - residual_Displacement_6cycle_60mm / 60 mm,Proxy complemento nominal; requiere protocolo para interpretar recuperación elástica,20,18,0.33624166666666666,0.32316666666666666,0.037414443336436794,0.2968333333333334,0.44200000000000006,0.14516666666666667,0.29746666666666666,0.30395,0.31337499999999996,0.3500833333333333,0.3886333333333333,0.3995666666666668,0.03670833333333334,0.017916666666666636,11.127247764188494,1.4912203164156348,2.15511083692955,10.0,CV descriptivo; requiere escala de razón y media distinta de cero
