variable,nivel,porcentaje,entropia_nats_variable,diversidad_efectiva_variable
n_cells_Y,4.0,33.33333333333333,1.0986122886681096,2.9999999999999996
n_cells_Y,5.0,33.33333333333333,1.0986122886681096,2.9999999999999996
n_cells_Y,6.0,33.33333333333333,1.0986122886681096,2.9999999999999996
Fiber_height,1.0,33.33333333333333,1.0986122886681096,2.9999999999999996
Fiber_height,1.2,33.33333333333333,1.0986122886681096,2.9999999999999996
Fiber_height,1.4,33.33333333333333,1.0986122886681096,2.9999999999999996
Pivot_height,1.0,33.33333333333333,1.0986122886681096,2.9999999999999996
Pivot_height,1.2,33.33333333333333,1.0986122886681096,2.9999999999999996
Pivot_height,1.4,33.33333333333333,1.0986122886681096,2.9999999999999996
