variable_X,variable_Y,n_efectivo,Pearson,Spearman,Kendall_tau_b,empates_X_pct,empates_Y_pct,diferencia_Pearson_Spearman,Pearson_LOO_min,Pearson_LOO_max,Pearson_LOO_cambio_max,Pearson_LOO_signo_pct,Pearson_LOO_caso_influyente,Pearson_LOO_evaluaciones_validas,Spearman_LOO_min,Spearman_LOO_max,Spearman_LOO_cambio_max,Spearman_LOO_signo_pct,Spearman_LOO_caso_influyente,Spearman_LOO_evaluaciones_validas,estabilidad,dependencia_construccion,interpretacion,limitacion
n_cells_Y,Fiber_height,27,0.0,0.0,0.0,88.88888888888889,88.88888888888889,0.0,-0.061224489795918366,0.061224489795918366,0.061224489795918366,,1.0,27,-0.05997693194925029,0.05997693194925029,0.05997693194925029,,1.0,27,"rango LOO rho [-0.060, 0.060]; cambio máximo 0.060",Sin identidad directa predeclarada; evaluar dependencia por arquitectura y protocolo,"Asociación nula en rangos; diferencia r−rho=0.000; valorar junto con soporte, empates y sensibilidad",Geometría previa; dependencia del diseño experimental; Geometría previa; dependencia del diseño experimental; LOO no es IC ni validación predictiva; no implica causalidad
n_cells_Y,Fiber_base,27,-0.5787910941157326,-0.6050769517196197,-0.4816097978447865,88.88888888888889,44.44444444444444,0.02628585760388713,-0.6397141604774274,-0.5425069491218284,0.060923066361694755,100.0,19.0,27,-0.693450170212224,-0.5712862462741065,0.08837321849260427,100.0,19.0,27,"rango LOO rho [-0.693, -0.571]; cambio máximo 0.088",Sin identidad directa predeclarada; evaluar dependencia por arquitectura y protocolo,"Asociación negativa en rangos; diferencia r−rho=0.026; valorar junto con soporte, empates y sensibilidad",Geometría previa; dependencia del diseño experimental; Geometría previa; dependencia del diseño experimental; LOO no es IC ni validación predictiva; no implica causalidad
n_cells_Y,Fiber_total_length,27,0.9995449840031766,0.9999999999999999,1.0,88.88888888888889,88.88888888888889,-0.00045501599682329363,0.9995259832181913,0.9995799631842104,3.497918103378961e-05,100.0,10.0,27,1.0,1.0,1.1102230246251565e-16,100.0,1.0,27,"rango LOO rho [1.000, 1.000]; cambio máximo 0.000",Sin identidad directa predeclarada; evaluar dependencia por arquitectura y protocolo,"Asociación positiva en rangos; diferencia r−rho=-0.000; valorar junto con soporte, empates y sensibilidad",Geometría previa; dependencia del diseño experimental; Geometría previa; dependencia del diseño experimental; LOO no es IC ni validación predictiva; no implica causalidad
n_cells_Y,Fiber_total_volume,27,-0.9140009631462072,-0.9491228085202582,-0.8673649643743679,88.88888888888889,66.66666666666667,0.03512184537405105,-0.9259238500055608,-0.908489833421693,0.01192288685935361,100.0,19.0,27,-0.9491760779113184,-0.9483552042146423,0.0007676043056159543,100.0,24.0,27,"rango LOO rho [-0.949, -0.948]; cambio máximo 0.001",Sin identidad directa predeclarada; evaluar dependencia por arquitectura y protocolo,"Asociación negativa en rangos; diferencia r−rho=0.035; valorar junto con soporte, empates y sensibilidad",Geometría previa; dependencia del diseño experimental; Geometría previa; dependencia del diseño experimental; LOO no es IC ni validación predictiva; no implica causalidad
n_cells_Y,Pivot_height,27,0.0,0.0,0.0,88.88888888888889,88.88888888888889,0.0,-0.06122448979591837,0.06122448979591837,0.06122448979591837,,1.0,27,-0.05997693194925029,0.05997693194925029,0.05997693194925029,,1.0,27,"rango LOO rho [-0.060, 0.060]; cambio máximo 0.060",Sin identidad directa predeclarada; evaluar dependencia por arquitectura y protocolo,"Asociación nula en rangos; diferencia r−rho=0.000; valorar junto con soporte, empates y sensibilidad",Geometría previa; dependencia del diseño experimental; Geometría previa; dependencia del diseño experimental; LOO no es IC ni validación predictiva; no implica causalidad
n_cells_Y,Pivot_radius,27,,,,88.88888888888889,96.2962962962963,,,,,,,0,,,,,,0,No identificable: soporte insuficiente o variable constante,Sin identidad directa predeclarada; evaluar dependencia por arquitectura y protocolo,Asociación no identificable con la variación y disponibilidad observadas,Geometría previa; dependencia del diseño experimental; Geometría previa; dependencia del diseño experimental; LOO no es IC ni validación predictiva; no implica causalidad
n_cells_Y,Pivot_total_number,27,0.9985383670628747,0.9999999999999999,1.0,88.88888888888889,88.88888888888889,-0.0014616329371252013,0.9984748494184035,0.9986505728915341,0.00011220582865945072,100.0,10.0,27,1.0,1.0,1.1102230246251565e-16,100.0,1.0,27,"rango LOO rho [1.000, 1.000]; cambio máximo 0.000",Sin identidad directa predeclarada; evaluar dependencia por arquitectura y protocolo,"Asociación positiva en rangos; diferencia r−rho=-0.001; valorar junto con soporte, empates y sensibilidad",Geometría previa; dependencia del diseño experimental; Geometría previa; dependencia del diseño experimental; LOO no es IC ni validación predictiva; no implica causalidad
n_cells_Y,Pivot_total_volume,27,0.9140009631462072,0.9491228085202582,0.8673649643743679,88.88888888888889,66.66666666666667,-0.03512184537405105,0.9084898334216935,0.9259238500055614,0.011922886859354276,100.0,19.0,27,0.9483552042146423,0.9491760779113184,0.0007676043056159543,100.0,24.0,27,"rango LOO rho [0.948, 0.949]; cambio máximo 0.001",Sin identidad directa predeclarada; evaluar dependencia por arquitectura y protocolo,"Asociación positiva en rangos; diferencia r−rho=-0.035; valorar junto con soporte, empates y sensibilidad",Geometría previa; dependencia del diseño experimental; Geometría previa; dependencia del diseño experimental; LOO no es IC ni validación predictiva; no implica causalidad
n_cells_Y,Sample_total_volume,27,0.9237717504088488,0.9089297971282196,0.7943633910907217,88.88888888888889,11.111111111111116,0.014841953280629205,0.918905961664774,0.9344285261103421,0.01065677570149326,100.0,10.0,27,0.9042988876028176,0.9248165577087424,0.01588676058052274,100.0,22.0,27,"rango LOO rho [0.904, 0.925]; cambio máximo 0.016",Sin identidad directa predeclarada; evaluar dependencia por arquitectura y protocolo,"Asociación positiva en rangos; diferencia r−rho=0.015; valorar junto con soporte, empates y sensibilidad",Geometría previa; dependencia del diseño experimental; Geometría previa; dependencia del diseño experimental; LOO no es IC ni validación predictiva; no implica causalidad
Fiber_height,Fiber_base,27,-0.610279728769697,-0.494000023384617,-0.4042709981908792,88.88888888888889,44.44444444444444,-0.11627970538508003,-0.7066475678079159,-0.577944120971886,0.09636783903821888,100.0,22.0,27,-0.6204408946150909,-0.4500381136996786,0.12644087123047387,100.0,22.0,27,"rango LOO rho [-0.620, -0.450]; cambio máximo 0.126",Sin identidad directa predeclarada; evaluar dependencia por arquitectura y protocolo,"Asociación negativa en rangos; diferencia r−rho=-0.116; valorar junto con soporte, empates y sensibilidad",Geometría previa; dependencia del diseño experimental; Geometría previa; dependencia del diseño experimental; LOO no es IC ni validación predictiva; no implica causalidad
Fiber_height,Fiber_total_length,27,0.0,0.0,0.0,88.88888888888889,88.88888888888889,0.0,-0.06232814510817514,0.06232814510817513,0.06232814510817514,,21.0,27,-0.05997693194925029,0.05997693194925029,0.05997693194925029,,1.0,27,"rango LOO rho [-0.060, 0.060]; cambio máximo 0.060",Sin identidad directa predeclarada; evaluar dependencia por arquitectura y protocolo,"Asociación nula en rangos; diferencia r−rho=0.000; valorar junto con soporte, empates y sensibilidad",Geometría previa; dependencia del diseño experimental; Geometría previa; dependencia del diseño experimental; LOO no es IC ni validación predictiva; no implica causalidad
Fiber_height,Fiber_total_volume,27,-0.05960345301837152,-0.03515269661186141,-0.028555225164588242,88.88888888888889,66.66666666666667,-0.024450756406510107,-0.15185125622874546,0.02171532529657258,0.09224780321037393,88.88888888888889,25.0,27,-0.1138179206026246,0.03791962369793264,0.0786652239907632,81.48148148148148,3.0,27,"rango LOO rho [-0.114, 0.038]; cambio máximo 0.079",Sin identidad directa predeclarada; evaluar dependencia por arquitectura y protocolo,"Asociación negativa en rangos; diferencia r−rho=-0.024; valorar junto con soporte, empates y sensibilidad",Geometría previa; dependencia del diseño experimental; Geometría previa; dependencia del diseño experimental; LOO no es IC ni validación predictiva; no implica causalidad
Fiber_height,Pivot_height,27,0.22222222222222213,0.22222222222222218,0.19753086419753085,88.88888888888889,88.88888888888889,-5.551115123125783e-17,0.1746031746031746,0.29705215419501135,0.07482993197278923,100.0,3.0,27,0.17550941945405613,0.2954632833525567,0.07324106113033454,100.0,3.0,27,"rango LOO rho [0.176, 0.295]; cambio máximo 0.073",Sin identidad directa predeclarada; evaluar dependencia por arquitectura y protocolo,"Asociación positiva en rangos; diferencia r−rho=-0.000; valorar junto con soporte, empates y sensibilidad",Geometría previa; dependencia del diseño experimental; Geometría previa; dependencia del diseño experimental; LOO no es IC ni validación predictiva; no implica causalidad
Fiber_height,Pivot_radius,27,,,,88.88888888888889,96.2962962962963,,,,,,,0,,,,,,0,No identificable: soporte insuficiente o variable constante,Sin identidad directa predeclarada; evaluar dependencia por arquitectura y protocolo,Asociación no identificable con la variación y disponibilidad observadas,Geometría previa; dependencia del diseño experimental; Geometría previa; dependencia del diseño experimental; LOO no es IC ni validación predictiva; no implica causalidad
Fiber_height,Pivot_total_number,27,0.0,0.0,0.0,88.88888888888889,88.88888888888889,0.0,-0.06316230676832073,0.06316230676832077,0.06316230676832077,,19.0,27,-0.05997693194925029,0.05997693194925029,0.05997693194925029,,1.0,27,"rango LOO rho [-0.060, 0.060]; cambio máximo 0.060",Sin identidad directa predeclarada; evaluar dependencia por arquitectura y protocolo,"Asociación nula en rangos; diferencia r−rho=0.000; valorar junto con soporte, empates y sensibilidad",Geometría previa; dependencia del diseño experimental; Geometría previa; dependencia del diseño experimental; LOO no es IC ni validación predictiva; no implica causalidad
Fiber_height,Pivot_total_volume,27,0.05960345301837166,0.03515269661186141,0.028555225164588242,88.88888888888889,66.66666666666667,0.024450756406510246,-0.021715325296572396,0.15185125622874557,0.0922478032103739,88.88888888888889,25.0,27,-0.03791962369793264,0.1138179206026246,0.0786652239907632,81.48148148148148,3.0,27,"rango LOO rho [-0.038, 0.114]; cambio máximo 0.079",Sin identidad directa predeclarada; evaluar dependencia por arquitectura y protocolo,"Asociación positiva en rangos; diferencia r−rho=0.024; valorar junto con soporte, empates y sensibilidad",Geometría previa; dependencia del diseño experimental; Geometría previa; dependencia del diseño experimental; LOO no es IC ni validación predictiva; no implica causalidad
Fiber_height,Sample_total_volume,27,-0.16315157859656254,-0.18644713787245532,-0.1650625228240461,88.88888888888889,11.111111111111116,0.023295559275892774,-0.24183585769222932,-0.09241874825532584,0.07868427909566678,100.0,21.0,27,-0.2894627004841751,-0.11970262050097466,0.10301556261171979,100.0,21.0,27,"rango LOO rho [-0.289, -0.120]; cambio máximo 0.103",Sin identidad directa predeclarada; evaluar dependencia por arquitectura y protocolo,"Asociación negativa en rangos; diferencia r−rho=0.023; valorar junto con soporte, empates y sensibilidad",Geometría previa; dependencia del diseño experimental; Geometría previa; dependencia del diseño experimental; LOO no es IC ni validación predictiva; no implica causalidad
Fiber_base,Fiber_total_length,27,-0.5724695738517294,-0.6050769517196197,-0.4816097978447865,44.44444444444444,88.88888888888889,0.032607377867890364,-0.6344202395070668,-0.5367654461746956,0.06195066565533747,100.0,19.0,27,-0.693450170212224,-0.5712862462741065,0.08837321849260427,100.0,19.0,27,"rango LOO rho [-0.693, -0.571]; cambio máximo 0.088",Sin identidad directa predeclarada; evaluar dependencia por arquitectura y protocolo,"Asociación negativa en rangos; diferencia r−rho=0.033; valorar junto con soporte, empates y sensibilidad",Geometría previa; dependencia del diseño experimental; Geometría previa; dependencia del diseño experimental; LOO no es IC ni validación predictiva; no implica causalidad
Fiber_base,Fiber_total_volume,27,0.5511320729287186,0.6323997460370557,0.48176329557444086,44.44444444444444,66.66666666666667,-0.08126767310833716,0.5021122937799442,0.5950053894121942,0.04901977914877442,100.0,1.0,27,0.5928495760564156,0.6867038309233704,0.05430408488631466,100.0,19.0,27,"rango LOO rho [0.593, 0.687]; cambio máximo 0.054",Sin identidad directa predeclarada; evaluar dependencia por arquitectura y protocolo,"Asociación positiva en rangos; diferencia r−rho=-0.081; valorar junto con soporte, empates y sensibilidad",Geometría previa; dependencia del diseño experimental; Geometría previa; dependencia del diseño experimental; LOO no es IC ni validación predictiva; no implica causalidad
Fiber_base,Pivot_height,27,-0.05997835172183755,-0.14615385307237191,-0.11600819948086098,44.44444444444444,88.88888888888889,0.08617550135053437,-0.17321519170260052,0.04253171238619947,0.11323683998076298,96.29629629629629,7.0,27,-0.22738576214033113,-0.07227553848655842,0.08123190906795921,100.0,7.0,27,"rango LOO rho [-0.227, -0.072]; cambio máximo 0.081",Sin identidad directa predeclarada; evaluar dependencia por arquitectura y protocolo,"Asociación negativa en rangos; diferencia r−rho=0.086; valorar junto con soporte, empates y sensibilidad",Geometría previa; dependencia del diseño experimental; Geometría previa; dependencia del diseño experimental; LOO no es IC ni validación predictiva; no implica causalidad
Fiber_base,Pivot_radius,27,,,,44.44444444444444,96.2962962962963,,,,,,,0,,,,,,0,No identificable: soporte insuficiente o variable constante,Sin identidad directa predeclarada; evaluar dependencia por arquitectura y protocolo,Asociación no identificable con la variación y disponibilidad observadas,Geometría previa; dependencia del diseño experimental; Geometría previa; dependencia del diseño experimental; LOO no es IC ni validación predictiva; no implica causalidad
Fiber_base,Pivot_total_number,27,-0.5670899272623836,-0.6050769517196197,-0.4816097978447865,44.44444444444444,88.88888888888889,0.03798702445723612,-0.6297888605272335,-0.531865518651143,0.06269893326484988,100.0,19.0,27,-0.693450170212224,-0.5712862462741065,0.08837321849260427,100.0,19.0,27,"rango LOO rho [-0.693, -0.571]; cambio máximo 0.088",Sin identidad directa predeclarada; evaluar dependencia por arquitectura y protocolo,"Asociación negativa en rangos; diferencia r−rho=0.038; valorar junto con soporte, empates y sensibilidad",Geometría previa; dependencia del diseño experimental; Geometría previa; dependencia del diseño experimental; LOO no es IC ni validación predictiva; no implica causalidad
Fiber_base,Pivot_total_volume,27,-0.5511320729287188,-0.6323997460370557,-0.48176329557444086,44.44444444444444,66.66666666666667,0.08126767310833694,-0.5950053894121948,-0.5021122937799447,0.04901977914877409,100.0,1.0,27,-0.6867038309233704,-0.5928495760564156,0.05430408488631466,100.0,19.0,27,"rango LOO rho [-0.687, -0.593]; cambio máximo 0.054",Sin identidad directa predeclarada; evaluar dependencia por arquitectura y protocolo,"Asociación negativa en rangos; diferencia r−rho=0.081; valorar junto con soporte, empates y sensibilidad",Geometría previa; dependencia del diseño experimental; Geometría previa; dependencia del diseño experimental; LOO no es IC ni validación predictiva; no implica causalidad
Fiber_base,Sample_total_volume,27,-0.3997461927780263,-0.33829131645442045,-0.17037907450455594,44.44444444444444,11.111111111111116,-0.061454876323605856,-0.44918451204277327,-0.3584288783943627,0.049438319264746955,100.0,19.0,27,-0.4262683620370683,-0.28122961164036275,0.08797704558264785,100.0,19.0,27,"rango LOO rho [-0.426, -0.281]; cambio máximo 0.088",Sin identidad directa predeclarada; evaluar dependencia por arquitectura y protocolo,"Asociación negativa en rangos; diferencia r−rho=-0.061; valorar junto con soporte, empates y sensibilidad",Geometría previa; dependencia del diseño experimental; Geometría previa; dependencia del diseño experimental; LOO no es IC ni validación predictiva; no implica causalidad
Fiber_total_length,Fiber_total_volume,27,-0.916018186264556,-0.9491228085202582,-0.8673649643743679,88.88888888888889,66.66666666666667,0.03310462225570221,-0.9286721767052261,-0.9108937170633337,0.01265399044067006,100.0,19.0,27,-0.9491760779113184,-0.9483552042146423,0.0007676043056159543,100.0,24.0,27,"rango LOO rho [-0.949, -0.948]; cambio máximo 0.001",Sin identidad directa predeclarada; evaluar dependencia por arquitectura y protocolo,"Asociación negativa en rangos; diferencia r−rho=0.033; valorar junto con soporte, empates y sensibilidad",Geometría previa; dependencia del diseño experimental; Geometría previa; dependencia del diseño experimental; LOO no es IC ni validación predictiva; no implica causalidad
Fiber_total_length,Pivot_height,27,0.0,0.0,0.0,88.88888888888889,88.88888888888889,0.0,-0.06232814510817514,0.06232814510817514,0.06232814510817514,,19.0,27,-0.05997693194925029,0.05997693194925029,0.05997693194925029,,1.0,27,"rango LOO rho [-0.060, 0.060]; cambio máximo 0.060",Sin identidad directa predeclarada; evaluar dependencia por arquitectura y protocolo,"Asociación nula en rangos; diferencia r−rho=0.000; valorar junto con soporte, empates y sensibilidad",Geometría previa; dependencia del diseño experimental; Geometría previa; dependencia del diseño experimental; LOO no es IC ni validación predictiva; no implica causalidad
Fiber_total_length,Pivot_radius,27,,,,88.88888888888889,96.2962962962963,,,,,,,0,,,,,,0,No identificable: soporte insuficiente o variable constante,Sin identidad directa predeclarada; evaluar dependencia por arquitectura y protocolo,Asociación no identificable con la variación y disponibilidad observadas,Geometría previa; dependencia del diseño experimental; Geometría previa; dependencia del diseño experimental; LOO no es IC ni validación predictiva; no implica causalidad
Fiber_total_length,Pivot_total_number,27,0.9997142665783095,0.9999999999999999,1.0,88.88888888888889,88.88888888888889,-0.00028573342169035953,0.9997012313822178,0.9997361712181452,2.1904639835645945e-05,100.0,10.0,27,1.0,1.0,1.1102230246251565e-16,100.0,1.0,27,"rango LOO rho [1.000, 1.000]; cambio máximo 0.000",Sin identidad directa predeclarada; evaluar dependencia por arquitectura y protocolo,"Asociación positiva en rangos; diferencia r−rho=-0.000; valorar junto con soporte, empates y sensibilidad",Geometría previa; dependencia del diseño experimental; Geometría previa; dependencia del diseño experimental; LOO no es IC ni validación predictiva; no implica causalidad
Fiber_total_length,Pivot_total_volume,27,0.9160181862645561,0.9491228085202582,0.8673649643743679,88.88888888888889,66.66666666666667,-0.0331046222557021,0.9108937170633339,0.9286721767052264,0.012653990440670282,100.0,19.0,27,0.9483552042146423,0.9491760779113184,0.0007676043056159543,100.0,24.0,27,"rango LOO rho [0.948, 0.949]; cambio máximo 0.001",Sin identidad directa predeclarada; evaluar dependencia por arquitectura y protocolo,"Asociación positiva en rangos; diferencia r−rho=-0.033; valorar junto con soporte, empates y sensibilidad",Geometría previa; dependencia del diseño experimental; Geometría previa; dependencia del diseño experimental; LOO no es IC ni validación predictiva; no implica causalidad
Fiber_total_length,Sample_total_volume,27,0.9157725652768892,0.9089297971282196,0.7943633910907217,88.88888888888889,11.111111111111116,0.006842768148669576,0.910170558062839,0.9276439111845657,0.011871345907676467,100.0,10.0,27,0.9042988876028176,0.9248165577087424,0.01588676058052274,100.0,22.0,27,"rango LOO rho [0.904, 0.925]; cambio máximo 0.016",Sin identidad directa predeclarada; evaluar dependencia por arquitectura y protocolo,"Asociación positiva en rangos; diferencia r−rho=0.007; valorar junto con soporte, empates y sensibilidad",Geometría previa; dependencia del diseño experimental; Geometría previa; dependencia del diseño experimental; LOO no es IC ni validación predictiva; no implica causalidad
Fiber_total_volume,Pivot_height,27,-0.2999381794408856,-0.2607158332046388,-0.23558060760785302,66.66666666666667,88.88888888888889,-0.03922234623624676,-0.4142201440571294,-0.24065356253181158,0.11428196461624385,100.0,25.0,27,-0.3533088015701608,-0.19863415951323427,0.092592968365522,100.0,25.0,27,"rango LOO rho [-0.353, -0.199]; cambio máximo 0.093",Sin identidad directa predeclarada; evaluar dependencia por arquitectura y protocolo,"Asociación negativa en rangos; diferencia r−rho=-0.039; valorar junto con soporte, empates y sensibilidad",Geometría previa; dependencia del diseño experimental; Geometría previa; dependencia del diseño experimental; LOO no es IC ni validación predictiva; no implica causalidad
Fiber_total_volume,Pivot_radius,27,,,,66.66666666666667,96.2962962962963,,,,,,,0,,,,,,0,No identificable: soporte insuficiente o variable constante,Sin identidad directa predeclarada; evaluar dependencia por arquitectura y protocolo,Asociación no identificable con la variación y disponibilidad observadas,Geometría previa; dependencia del diseño experimental; Geometría previa; dependencia del diseño experimental; LOO no es IC ni validación predictiva; no implica causalidad
Fiber_total_volume,Pivot_total_number,27,-0.917024742246567,-0.9491228085202582,-0.8673649643743679,66.66666666666667,88.88888888888889,0.03209806627369116,-0.9302272361421451,-0.9121860196012469,0.013202493895578038,100.0,19.0,27,-0.9491760779113184,-0.9483552042146423,0.0007676043056159543,100.0,24.0,27,"rango LOO rho [-0.949, -0.948]; cambio máximo 0.001",Sin identidad directa predeclarada; evaluar dependencia por arquitectura y protocolo,"Asociación negativa en rangos; diferencia r−rho=0.032; valorar junto con soporte, empates y sensibilidad",Geometría previa; dependencia del diseño experimental; Geometría previa; dependencia del diseño experimental; LOO no es IC ni validación predictiva; no implica causalidad
Fiber_total_volume,Pivot_total_volume,27,-1.0000000000000002,-1.0,-1.0,66.66666666666667,66.66666666666667,-2.220446049250313e-16,-1.0000000000000002,-0.9999999999999994,7.771561172376096e-16,100.0,24.0,27,-1.0,-0.9999999999999999,1.1102230246251565e-16,100.0,1.0,27,"rango LOO rho [-1.000, -1.000]; cambio máximo 0.000",Volúmenes complementarios por construcción; suma declarada constante,"Asociación negativa en rangos; diferencia r−rho=-0.000; valorar junto con soporte, empates y sensibilidad",Geometría previa; dependencia del diseño experimental; Geometría previa; dependencia del diseño experimental; LOO no es IC ni validación predictiva; no implica causalidad
Fiber_total_volume,Sample_total_volume,27,-0.8103748832859414,-0.8525475979307993,-0.6651413995422357,66.66666666666667,11.111111111111116,0.042172714644857834,-0.8425056354543576,-0.7937315689837438,0.03213075216841621,100.0,10.0,27,-0.8707763885388157,-0.8380792514197692,0.01822879060801641,100.0,10.0,27,"rango LOO rho [-0.871, -0.838]; cambio máximo 0.018",Sin identidad directa predeclarada; evaluar dependencia por arquitectura y protocolo,"Asociación negativa en rangos; diferencia r−rho=0.042; valorar junto con soporte, empates y sensibilidad",Geometría previa; dependencia del diseño experimental; Geometría previa; dependencia del diseño experimental; LOO no es IC ni validación predictiva; no implica causalidad
Pivot_height,Pivot_radius,27,,,,88.88888888888889,96.2962962962963,,,,,,,0,,,,,,0,No identificable: soporte insuficiente o variable constante,Sin identidad directa predeclarada; evaluar dependencia por arquitectura y protocolo,Asociación no identificable con la variación y disponibilidad observadas,Geometría previa; dependencia del diseño experimental; Geometría previa; dependencia del diseño experimental; LOO no es IC ni validación predictiva; no implica causalidad
Pivot_height,Pivot_total_number,27,-1.5397226195622352e-17,0.0,0.0,88.88888888888889,88.88888888888889,-1.5397226195622352e-17,-0.06316230676832073,0.06316230676832078,0.0631623067683208,,19.0,27,-0.05997693194925029,0.05997693194925029,0.05997693194925029,,1.0,27,"rango LOO rho [-0.060, 0.060]; cambio máximo 0.060",Sin identidad directa predeclarada; evaluar dependencia por arquitectura y protocolo,"Asociación nula en rangos; diferencia r−rho=-0.000; valorar junto con soporte, empates y sensibilidad",Geometría previa; dependencia del diseño experimental; Geometría previa; dependencia del diseño experimental; LOO no es IC ni validación predictiva; no implica causalidad
Pivot_height,Pivot_total_volume,27,0.29993817944088536,0.2607158332046388,0.23558060760785304,88.88888888888889,66.66666666666667,0.03922234623624654,0.24065356253181114,0.41422014405712926,0.1142819646162439,100.0,25.0,27,0.19863415951323427,0.3533088015701608,0.092592968365522,100.0,25.0,27,"rango LOO rho [0.199, 0.353]; cambio máximo 0.093",Sin identidad directa predeclarada; evaluar dependencia por arquitectura y protocolo,"Asociación positiva en rangos; diferencia r−rho=0.039; valorar junto con soporte, empates y sensibilidad",Geometría previa; dependencia del diseño experimental; Geometría previa; dependencia del diseño experimental; LOO no es IC ni validación predictiva; no implica causalidad
Pivot_height,Sample_total_volume,27,-0.043161154098789435,-0.0815706228191992,-0.06189844605901728,88.88888888888889,11.111111111111116,0.03840946872040977,-0.13241203867062346,0.037442034117191506,0.08925088457183403,77.77777777777779,3.0,27,-0.17320606451277393,-0.009612483161441905,0.09163544169357472,100.0,3.0,27,"rango LOO rho [-0.173, -0.010]; cambio máximo 0.092",Sin identidad directa predeclarada; evaluar dependencia por arquitectura y protocolo,"Asociación negativa en rangos; diferencia r−rho=0.038; valorar junto con soporte, empates y sensibilidad",Geometría previa; dependencia del diseño experimental; Geometría previa; dependencia del diseño experimental; LOO no es IC ni validación predictiva; no implica causalidad
Pivot_radius,Pivot_total_number,27,,,,96.2962962962963,88.88888888888889,,,,,,,0,,,,,,0,No identificable: soporte insuficiente o variable constante,Sin identidad directa predeclarada; evaluar dependencia por arquitectura y protocolo,Asociación no identificable con la variación y disponibilidad observadas,Geometría previa; dependencia del diseño experimental; Geometría previa; dependencia del diseño experimental; LOO no es IC ni validación predictiva; no implica causalidad
Pivot_radius,Pivot_total_volume,27,,,,96.2962962962963,66.66666666666667,,,,,,,0,,,,,,0,No identificable: soporte insuficiente o variable constante,Sin identidad directa predeclarada; evaluar dependencia por arquitectura y protocolo,Asociación no identificable con la variación y disponibilidad observadas,Geometría previa; dependencia del diseño experimental; Geometría previa; dependencia del diseño experimental; LOO no es IC ni validación predictiva; no implica causalidad
Pivot_radius,Sample_total_volume,27,,,,96.2962962962963,11.111111111111116,,,,,,,0,,,,,,0,No identificable: soporte insuficiente o variable constante,Sin identidad directa predeclarada; evaluar dependencia por arquitectura y protocolo,Asociación no identificable con la variación y disponibilidad observadas,Geometría previa; dependencia del diseño experimental; Geometría previa; dependencia del diseño experimental; LOO no es IC ni validación predictiva; no implica causalidad
Pivot_total_number,Pivot_total_volume,27,0.9170247422465672,0.9491228085202582,0.8673649643743679,88.88888888888889,66.66666666666667,-0.03209806627369105,0.9121860196012469,0.9302272361421455,0.013202493895578371,100.0,19.0,27,0.9483552042146423,0.9491760779113184,0.0007676043056159543,100.0,24.0,27,"rango LOO rho [0.948, 0.949]; cambio máximo 0.001",Sin identidad directa predeclarada; evaluar dependencia por arquitectura y protocolo,"Asociación positiva en rangos; diferencia r−rho=-0.032; valorar junto con soporte, empates y sensibilidad",Geometría previa; dependencia del diseño experimental; Geometría previa; dependencia del diseño experimental; LOO no es IC ni validación predictiva; no implica causalidad
Pivot_total_number,Sample_total_volume,27,0.908841526865645,0.9089297971282196,0.7943633910907217,88.88888888888889,11.111111111111116,-8.827026257463011e-05,0.9026206737835959,0.9217131118258064,0.012871584960161386,100.0,10.0,27,0.9042988876028176,0.9248165577087424,0.01588676058052274,100.0,22.0,27,"rango LOO rho [0.904, 0.925]; cambio máximo 0.016",Sin identidad directa predeclarada; evaluar dependencia por arquitectura y protocolo,"Asociación positiva en rangos; diferencia r−rho=-0.000; valorar junto con soporte, empates y sensibilidad",Geometría previa; dependencia del diseño experimental; Geometría previa; dependencia del diseño experimental; LOO no es IC ni validación predictiva; no implica causalidad
Pivot_total_volume,Sample_total_volume,27,0.8103748832859415,0.8525475979307993,0.6651413995422357,66.66666666666667,11.111111111111116,-0.04217271464485772,0.7937315689837444,0.8425056354543583,0.032130752168416765,100.0,10.0,27,0.8380792514197692,0.8707763885388157,0.01822879060801641,100.0,10.0,27,"rango LOO rho [0.838, 0.871]; cambio máximo 0.018",Sin identidad directa predeclarada; evaluar dependencia por arquitectura y protocolo,"Asociación positiva en rangos; diferencia r−rho=-0.042; valorar junto con soporte, empates y sensibilidad",Geometría previa; dependencia del diseño experimental; Geometría previa; dependencia del diseño experimental; LOO no es IC ni validación predictiva; no implica causalidad
