variable,n_cells_Y,Fiber_height,Fiber_base,Fiber_total_length,Fiber_total_volume,Pivot_height,Pivot_radius,Pivot_total_number,Pivot_total_volume,Sample_total_volume
n_cells_Y,0.9999999999999999,0.0,-0.6050769517196197,0.9999999999999999,-0.9491228085202582,0.0,,0.9999999999999999,0.9491228085202582,0.9089297971282196
Fiber_height,0.0,0.9999999999999999,-0.494000023384617,0.0,-0.03515269661186141,0.22222222222222218,,0.0,0.03515269661186141,-0.18644713787245532
Fiber_base,-0.6050769517196197,-0.494000023384617,1.0,-0.6050769517196197,0.6323997460370557,-0.14615385307237191,,-0.6050769517196197,-0.6323997460370557,-0.33829131645442045
Fiber_total_length,0.9999999999999999,0.0,-0.6050769517196197,0.9999999999999999,-0.9491228085202582,0.0,,0.9999999999999999,0.9491228085202582,0.9089297971282196
Fiber_total_volume,-0.9491228085202582,-0.03515269661186141,0.6323997460370557,-0.9491228085202582,1.0,-0.2607158332046388,,-0.9491228085202582,-1.0,-0.8525475979307993
Pivot_height,0.0,0.22222222222222218,-0.14615385307237191,0.0,-0.2607158332046388,0.9999999999999999,,0.0,0.2607158332046388,-0.0815706228191992
Pivot_radius,,,,,,,,,,
Pivot_total_number,0.9999999999999999,0.0,-0.6050769517196197,0.9999999999999999,-0.9491228085202582,0.0,,0.9999999999999999,0.9491228085202582,0.9089297971282196
Pivot_total_volume,0.9491228085202582,0.03515269661186141,-0.6323997460370557,0.9491228085202582,-1.0,0.2607158332046388,,0.9491228085202582,1.0,0.8525475979307993
Sample_total_volume,0.9089297971282196,-0.18644713787245532,-0.33829131645442045,0.9089297971282196,-0.8525475979307993,-0.0815706228191992,,0.9089297971282196,0.8525475979307993,1.0000000000000002
