variable,First_Failure_Load_N,Ultimate_Load,Maximum_Displacement,residual_Displacement_1cycle_10mm,residual_Displacement_2cycle_20mm,residual_Displacement_3cycle_30mm,residual_Displacement_4cycle_40mm,residual_Displacement_5cycle_50mm,residual_Displacement_6cycle_60mm,Dissipated_cycle_1,Dissipated_cycle_2,Dissipated_cycle_3,Dissipated_cycle_4,Dissipated_cycle_5,Dissipated_cycle_6,Dissipated_cycle_7,Fracture_event_1,Fracture_event_2,Fracture_event_3,Fracture_event_4,Fracture_event_5,Fracture_event_6,Fracture_event_7,Fracture_event_8,Fracture_event_9,Fracture_event_10,Fracture_event_11,Fracture_event_12,Fracture_event_13,Load_ratio_first_over_ultimate,Load_per_specimen_volume,Load_per_pivot,Load_per_cell_Y,Fracture_observed_sum,Fracture_registered_events,Fracture_initial_share,Residual_fraction_cycle1,Residual_fraction_cycle2,Residual_fraction_cycle3,Residual_fraction_cycle4,Residual_fraction_cycle5,Residual_fraction_cycle6,Recovery_complement_cycle6
n_cells_Y,0.9360429756558748,0.46577846155433195,0.1301329185523984,-0.5606248700174156,-0.6153945933211985,-0.3832340960970381,-0.08394348563482648,0.1995906605028906,0.15510500665153257,0.46886484878851836,0.6481730545820203,0.7334702508595256,0.7180215755862043,-0.11223127572898225,0.37846212950989555,,0.9277500689797581,0.5763847940805107,0.2745729885529454,0.28092081705892297,0.32059370342290566,-0.5756371078932686,-0.11818587365905424,-0.25959547487910206,,,,,,0.5646863689625012,0.9294574574061977,0.6822751539860049,0.8842303082071005,0.8006369538566398,-0.5949628159859649,0.7533313543496952,-0.5606248700174156,-0.6153945933211986,-0.383234096097038,-0.08394348563482658,0.19959066050289057,0.1551050066515324,-0.1551050066515324
Fiber_height,0.004303961408123785,-0.028251266962084798,-0.09513887196918817,0.15938146189528404,0.07103890683126633,0.022382886349632283,0.13051745846417745,0.1591656080226602,0.23425371056507138,-0.085277468492923,-0.3516687211894191,-0.2577720732086944,-0.3255237380569994,-0.13032263174577813,-0.6660887164538182,-0.4280583157171003,-0.019558716991363818,0.04037717156763943,-0.13141973209300256,0.10151488622982562,0.29454389337784864,0.08302648426679178,-0.539720332128441,,,,,,,-0.057565032597656884,0.010511279904992685,0.0302569434200469,0.013305893001885272,-0.06602745424325199,-0.30645270571883476,0.06597558723845538,0.15938146189528404,0.07103890683126637,0.02238288634963222,0.1305174584641777,0.15916560802266058,0.23425371056507138,-0.2342537105650714
Fiber_base,-0.48138978149813244,-0.29950920242329765,0.16663574386932253,0.12049177649543164,0.20032390474334186,0.09296783811830818,-0.17108706294172382,-0.3735809172111827,-0.4367296630303453,0.024275912262133836,-0.11109943133178778,-0.17581479122700386,-0.11488671076394565,0.18061810641404183,0.37339723007917675,-0.2875703565555614,-0.4461452011302026,-0.2760162827468744,-0.23922687820998914,-0.3785543805292091,-0.35150862513182524,0.3174500375246312,0.5086573356122932,0.27029299609949964,,,,,,-0.2266809743720678,-0.4846120198517999,-0.3257943381921077,-0.4507827660611135,-0.3371583304934721,0.6476674065178049,-0.45438957244119677,0.12049177649543164,0.20032390474334186,0.09296783811830804,-0.17108706294172402,-0.3735809172111828,-0.4367296630303452,0.43672966303034516
Fiber_total_length,0.9447842946196268,0.4617772518919521,0.13300785425214712,-0.562523457786405,-0.6167405064026169,-0.38799034768288754,-0.09259242604149438,0.1906559614920578,0.1490380103178476,0.4820490672861852,0.6460820997710265,0.7342803720082894,0.7201945206023233,-0.1069620017352364,0.37737881863325007,,0.9360285867652794,0.5745893439277405,0.2597054179659434,0.2620436606482717,0.3159376470012776,-0.5715661380495028,-0.11818587365905421,-0.25959547487910206,,,,,,0.5751418954278796,0.9385458616474641,0.6969922307277923,0.8946147595899792,0.8011766328198947,-0.5966202771490892,0.7650044566455072,-0.5625234577864051,-0.616740506402617,-0.3879903476828873,-0.09259242604149448,0.19065596149205769,0.14903801031784739,-0.14903801031784739
Fiber_total_volume,-0.8455288818540567,-0.37008906343069864,-0.17673193499575823,0.44611485415249097,0.6112290983990596,0.5251168842318383,0.33501643396509795,0.05766851665352897,0.06659168339840106,-0.393361827828582,-0.37684428319507385,-0.5431483990545098,-0.5930095260158316,0.12264254785576821,-0.19323608123385988,-0.00342132002377377,-0.8386265014005239,-0.6332306050718315,-0.06270374201674972,-0.18718091319418492,-0.33938402796786343,0.4410311681494444,0.06660303465184404,0.35168580596836324,,,,,,-0.5667581201013155,-0.8408210929302748,-0.5986977861496584,-0.7907652816986456,-0.7005382091876934,0.5428614933953984,-0.70598217858345,0.446114854152491,0.6112290983990597,0.5251168842318382,0.3350164339650981,0.05766851665352902,0.06659168339840127,-0.06659168339840126
Pivot_height,-0.08940341926810873,0.029122603677014785,0.03932093429104777,0.2981044812143383,0.048983994928152835,-0.1422021980766116,-0.40973475482886557,-0.3887305191992552,-0.13132958160495503,-0.15960190616287545,-0.47485487403844384,-0.41044207924657466,-0.21070914268979535,-0.08771420868390507,-0.39318386343798695,-0.2355401948856805,-0.08328332017831955,0.1571742742550227,-0.3764715712875166,-0.20901977482033368,0.056747628420911515,0.3888243078030952,0.06030056306135734,-0.26114014252046885,,,,,,-0.15082148962101918,-0.08612967812644355,-0.12479302317764392,-0.10570564414520665,-0.15727867256682404,-0.0007142410756133805,0.03417092382587345,0.2981044812143383,0.048983994928152905,-0.1422021980766115,-0.40973475482886573,-0.3887305191992553,-0.13132958160495536,0.13132958160495536
Pivot_radius,,,,,,,,,,,,,,,,,,,,,,,,,,,,,,,,,,,,,,,,,,,
Pivot_total_number,0.9510663474756397,0.45830389149917194,0.1351927775318733,-0.5636490145430262,-0.617392694551845,-0.39149277369853275,-0.09937114810036415,0.18346186122646513,0.14419493126973562,0.4921544625895671,0.6439963821122503,0.7344302099668849,0.7214316610774919,-0.10272291510812627,0.37627446858331465,,0.941950454288091,0.5727427935369661,0.2476064296860821,0.2465456799994787,0.31191598109263224,-0.5678805462103469,-0.11818587365905418,-0.259595474879102,,,,,,0.5830268748495537,0.9451066020923216,0.7081662947687062,0.9022299405235765,0.8010678489653966,-0.5975323264703181,0.7737255091114194,-0.5636490145430262,-0.6173926945518451,-0.39149277369853247,-0.09937114810036424,0.18346186122646516,0.14419493126973545,-0.1441949312697354
Pivot_total_volume,0.8455288818540566,0.3700890634306994,0.17673193499575784,-0.4461148541524921,-0.6112290983990601,-0.5251168842318383,-0.33501643396509734,-0.05766851665352846,-0.0665916833984019,0.3933618278285809,0.37684428319507446,0.5431483990545102,0.5930095260158317,-0.12264254785576736,0.19323608123386046,0.003421320023773073,0.8386265014005233,0.6332306050718319,0.06270374201675008,0.18718091319418606,0.3393840279678636,-0.4410311681494438,-0.06660303465184757,-0.35168580596835586,,,,,,0.5667581201013149,0.8408210929302747,0.5986977861496579,0.7907652816986455,0.7005382091876933,-0.5428614933953991,0.7059821785834496,-0.446114854152492,-0.6112290983990604,-0.5251168842318381,-0.33501643396509745,-0.0576685166535285,-0.06659168339840212,0.06659168339840209
Sample_total_volume,0.7726672769945934,0.43137873025172124,0.15875590786333316,-0.5668063199910823,-0.5940156003390479,-0.3608801878514013,-0.0595256466143889,0.1855080505480268,0.08740681155774424,0.39074807059395555,0.6763683804397538,0.7526212750577179,0.7193119949180894,-0.1275035390299763,0.48028216838687277,-0.2505337053873371,0.782582434719041,0.5071215677708591,0.35493856951342795,0.3530137531997529,0.27504783734490607,-0.6158331005778418,0.03933755308480589,-0.24402510219662032,,,,,,0.43988459004939595,0.758651037524363,0.473056555307825,0.7052796381971157,0.7529424882558077,-0.4229757808865197,0.5637772955332129,-0.5668063199910822,-0.5940156003390481,-0.3608801878514011,-0.059525646614389104,0.18550805054802672,0.08740681155774413,-0.0874068115577441
