INPUT,OUTPUT,n_efectivo,Pearson,Spearman,Kendall_tau_b,empates_X_pct,empates_Y_pct,diferencia_Pearson_Spearman,Pearson_LOO_min,Pearson_LOO_max,Pearson_LOO_cambio_max,Pearson_LOO_signo_pct,Pearson_LOO_caso_influyente,Pearson_LOO_evaluaciones_validas,Spearman_LOO_min,Spearman_LOO_max,Spearman_LOO_cambio_max,Spearman_LOO_signo_pct,Spearman_LOO_caso_influyente,Spearman_LOO_evaluaciones_validas,estabilidad,dependencia_construccion,interpretacion,limitacion
n_cells_Y,First_Failure_Load_N,26,0.9360429756558748,0.9306636625556622,0.8172582891051708,88.46153846153845,0.0,0.005379313100212557,0.9313764913216032,0.9485220128904801,0.012479037234605306,100.0,17.0,26,0.9282830396540712,0.9429903335828894,0.012326671027227176,100.0,17.0,26,"rango LOO rho [0.928, 0.943]; cambio máximo 0.012",Sin identidad directa predeclarada; evaluar dependencia por arquitectura y protocolo,"Asociación positiva en rangos; diferencia r−rho=0.005; valorar junto con soporte, empates y sensibilidad",Geometría previa; dependencia del diseño experimental; Posensayo; excluido de INPUT; LOO no es IC ni validación predictiva; no implica causalidad
Fiber_height,First_Failure_Load_N,26,0.004303961408123785,0.0,0.0036980013081681943,88.46153846153845,0.0,0.004303961408123785,-0.06475069043246753,0.08377561309811025,0.07947165168998647,65.38461538461539,22.0,26,-0.08728370734720517,0.08606010397317893,0.08728370734720517,,1.0,26,"rango LOO rho [-0.087, 0.086]; cambio máximo 0.087",Sin identidad directa predeclarada; evaluar dependencia por arquitectura y protocolo,"Asociación nula en rangos; diferencia r−rho=0.004; valorar junto con soporte, empates y sensibilidad",Geometría previa; dependencia del diseño experimental; Posensayo; excluido de INPUT; LOO no es IC ni validación predictiva; no implica causalidad
Fiber_base,First_Failure_Load_N,26,-0.48138978149813244,-0.5518227374385258,-0.4007585538344704,42.307692307692314,0.0,0.0704329559403934,-0.5537279499917642,-0.42228235717472984,0.07233816849363178,100.0,19.0,26,-0.6480068718895247,-0.4955626034788143,0.09618413445099883,100.0,19.0,26,"rango LOO rho [-0.648, -0.496]; cambio máximo 0.096",Sin identidad directa predeclarada; evaluar dependencia por arquitectura y protocolo,"Asociación negativa en rangos; diferencia r−rho=0.070; valorar junto con soporte, empates y sensibilidad",Geometría previa; dependencia del diseño experimental; Posensayo; excluido de INPUT; LOO no es IC ni validación predictiva; no implica causalidad
Fiber_total_length,First_Failure_Load_N,26,0.9447842946196268,0.9306636625556622,0.8172582891051708,88.46153846153845,0.0,0.014120632063964522,0.9409139141904161,0.9560368424679965,0.01125254784836971,100.0,17.0,26,0.9282830396540712,0.9429903335828894,0.012326671027227176,100.0,17.0,26,"rango LOO rho [0.928, 0.943]; cambio máximo 0.012",Sin identidad directa predeclarada; evaluar dependencia por arquitectura y protocolo,"Asociación positiva en rangos; diferencia r−rho=0.014; valorar junto con soporte, empates y sensibilidad",Geometría previa; dependencia del diseño experimental; Posensayo; excluido de INPUT; LOO no es IC ni validación predictiva; no implica causalidad
Fiber_total_volume,First_Failure_Load_N,26,-0.8455288818540567,-0.8280172493355417,-0.6127115859215582,65.38461538461539,0.0,-0.017511632518515063,-0.8704921338108587,-0.8323042005955257,0.024963251956801935,100.0,17.0,26,-0.8511882522520665,-0.8093119021648916,0.023171002916524852,100.0,17.0,26,"rango LOO rho [-0.851, -0.809]; cambio máximo 0.023",Sin identidad directa predeclarada; evaluar dependencia por arquitectura y protocolo,"Asociación negativa en rangos; diferencia r−rho=-0.018; valorar junto con soporte, empates y sensibilidad",Geometría previa; dependencia del diseño experimental; Posensayo; excluido de INPUT; LOO no es IC ni validación predictiva; no implica causalidad
Pivot_height,First_Failure_Load_N,26,-0.08940341926810873,-0.14828260147458738,-0.11463804055321403,88.46153846153845,0.0,0.058879182206478656,-0.1716604703889476,-0.017617834198681397,0.08225705112083888,100.0,23.0,26,-0.2533166745534878,-0.08988656193833436,0.10503407307890039,100.0,1.0,26,"rango LOO rho [-0.253, -0.090]; cambio máximo 0.105",Sin identidad directa predeclarada; evaluar dependencia por arquitectura y protocolo,"Asociación negativa en rangos; diferencia r−rho=0.059; valorar junto con soporte, empates y sensibilidad",Geometría previa; dependencia del diseño experimental; Posensayo; excluido de INPUT; LOO no es IC ni validación predictiva; no implica causalidad
Pivot_radius,First_Failure_Load_N,26,,,,96.15384615384616,0.0,,,,,,,0,,,,,,0,No identificable: soporte insuficiente o variable constante,Sin identidad directa predeclarada; evaluar dependencia por arquitectura y protocolo,Asociación no identificable con la variación y disponibilidad observadas,Geometría previa; dependencia del diseño experimental; Posensayo; excluido de INPUT; LOO no es IC ni validación predictiva; no implica causalidad
Pivot_total_number,First_Failure_Load_N,26,0.9510663474756397,0.9306636625556622,0.8172582891051708,88.46153846153845,0.0,0.020402684919977432,0.9477868097986563,0.9613906857918815,0.010324338316241799,100.0,17.0,26,0.9282830396540712,0.9429903335828894,0.012326671027227176,100.0,17.0,26,"rango LOO rho [0.928, 0.943]; cambio máximo 0.012",Sin identidad directa predeclarada; evaluar dependencia por arquitectura y protocolo,"Asociación positiva en rangos; diferencia r−rho=0.020; valorar junto con soporte, empates y sensibilidad",Geometría previa; dependencia del diseño experimental; Posensayo; excluido de INPUT; LOO no es IC ni validación predictiva; no implica causalidad
Pivot_total_volume,First_Failure_Load_N,26,0.8455288818540566,0.8280172493355417,0.6127115859215582,65.38461538461539,0.0,0.017511632518514952,0.8323042005955252,0.8704921338108579,0.02496325195680127,100.0,17.0,26,0.8093119021648916,0.8511882522520665,0.023171002916524852,100.0,17.0,26,"rango LOO rho [0.809, 0.851]; cambio máximo 0.023",Sin identidad directa predeclarada; evaluar dependencia por arquitectura y protocolo,"Asociación positiva en rangos; diferencia r−rho=0.018; valorar junto con soporte, empates y sensibilidad",Geometría previa; dependencia del diseño experimental; Posensayo; excluido de INPUT; LOO no es IC ni validación predictiva; no implica causalidad
Sample_total_volume,First_Failure_Load_N,26,0.7726672769945934,0.7993844048617449,0.5996973277031307,11.538461538461542,0.0,-0.026717127867151524,0.7569866133010749,0.8021072374787137,0.029439960484120342,100.0,13.0,26,0.7858381143823043,0.832243232054006,0.032858827192261075,100.0,22.0,26,"rango LOO rho [0.786, 0.832]; cambio máximo 0.033",Sin identidad directa predeclarada; evaluar dependencia por arquitectura y protocolo,"Asociación positiva en rangos; diferencia r−rho=-0.027; valorar junto con soporte, empates y sensibilidad",Geometría previa; dependencia del diseño experimental; Posensayo; excluido de INPUT; LOO no es IC ni validación predictiva; no implica causalidad
