variable_X,variable_Y,familia,n_efectivo,Pearson,Spearman,Kendall_tau_b,empates_X_pct,empates_Y_pct,diferencia_Pearson_Spearman,Pearson_LOO_min,Pearson_LOO_max,Pearson_LOO_cambio_max,Pearson_LOO_signo_pct,Pearson_LOO_caso_influyente,Pearson_LOO_evaluaciones_validas,Spearman_LOO_min,Spearman_LOO_max,Spearman_LOO_cambio_max,Spearman_LOO_signo_pct,Spearman_LOO_caso_influyente,Spearman_LOO_evaluaciones_validas,estabilidad,limitacion
First_Failure_Load_N,Ultimate_Load,4,8,0.5263248414089337,0.23809523809523808,0.07142857142857142,0.0,0.0,0.28822960331369557,0.2567827375126469,0.6672826061991971,0.26954210389628674,100.0,4,8,-0.07142857142857142,0.46428571428571425,0.30952380952380953,87.5,4,8,"rango LOO rho [-0.071, 0.464]; cambio máximo 0.310","Asociación dentro de arquitectura; soporte efectivo variable, sin contraste inferencial. Posensayo; excluido de INPUT; fuerza del evento terminal/rotura final, no máximo global (docs/trazabilidad_datos.md)"
First_Failure_Load_N,Ultimate_Load,5,9,0.42963322517204616,0.44999999999999996,0.3333333333333333,0.0,0.0,-0.020366774827953793,0.1202303123480578,0.6101695880778775,0.30940291282398835,100.0,10,9,0.21428571428571427,0.6666666666666666,0.23571428571428568,100.0,10,9,"rango LOO rho [0.214, 0.667]; cambio máximo 0.236","Asociación dentro de arquitectura; soporte efectivo variable, sin contraste inferencial. Posensayo; excluido de INPUT; fuerza del evento terminal/rotura final, no máximo global (docs/trazabilidad_datos.md)"
First_Failure_Load_N,Ultimate_Load,6,9,0.623768686430033,0.6666666666666666,0.5555555555555556,0.0,0.0,-0.042897980236633604,0.44688581820927775,0.7644976406217349,0.17688286822075527,100.0,22,9,0.5238095238095238,0.8571428571428571,0.19047619047619047,100.0,19,9,"rango LOO rho [0.524, 0.857]; cambio máximo 0.190","Asociación dentro de arquitectura; soporte efectivo variable, sin contraste inferencial. Posensayo; excluido de INPUT; fuerza del evento terminal/rotura final, no máximo global (docs/trazabilidad_datos.md)"
First_Failure_Load_N,Maximum_Displacement,4,8,0.534137736623134,0.5,0.3571428571428571,0.0,0.0,0.03413773662313402,0.3263658399869829,0.7539638138019653,0.2198260771788313,100.0,3,8,0.2857142857142857,0.7857142857142856,0.2857142857142856,100.0,3,8,"rango LOO rho [0.286, 0.786]; cambio máximo 0.286","Asociación dentro de arquitectura; soporte efectivo variable, sin contraste inferencial. Posensayo; excluido de INPUT"
First_Failure_Load_N,Maximum_Displacement,5,9,0.4977796150844051,0.4666666666666666,0.3888888888888889,0.0,0.0,0.031112948417738484,0.3319231857457759,0.6931494368212991,0.19536982173689404,100.0,13,9,0.23809523809523808,0.8095238095238095,0.3428571428571429,100.0,13,9,"rango LOO rho [0.238, 0.810]; cambio máximo 0.343","Asociación dentro de arquitectura; soporte efectivo variable, sin contraste inferencial. Posensayo; excluido de INPUT"
First_Failure_Load_N,Maximum_Displacement,6,9,-0.10997030244899197,-0.2333333333333333,-0.1111111111111111,0.0,0.0,0.12336303088434133,-0.5161936156460432,0.27692076313470004,0.4062233131970512,88.88888888888889,27,9,-0.5714285714285714,0.09523809523809523,0.3380952380952381,88.88888888888889,27,9,"rango LOO rho [-0.571, 0.095]; cambio máximo 0.338","Asociación dentro de arquitectura; soporte efectivo variable, sin contraste inferencial. Posensayo; excluido de INPUT"
First_Failure_Load_N,residual_Displacement_1cycle_10mm,4,8,-0.10797080031599048,-0.11904761904761904,-0.07142857142857142,0.0,0.0,0.011076818731628565,-0.3588374293800207,0.08927473744852037,0.25086662906403023,75.0,3,8,-0.49999999999999994,0.10714285714285712,0.38095238095238093,62.5,3,8,"rango LOO rho [-0.500, 0.107]; cambio máximo 0.381","Asociación dentro de arquitectura; soporte efectivo variable, sin contraste inferencial. Posensayo; excluido de INPUT"
First_Failure_Load_N,residual_Displacement_1cycle_10mm,5,9,-0.2117165015477694,-0.31666666666666665,-0.2222222222222222,0.0,0.0,0.10495016511889727,-0.4493404273607609,-0.10946142602012834,0.23762392581299152,100.0,18,9,-0.6190476190476191,-0.19047619047619047,0.3023809523809524,100.0,18,9,"rango LOO rho [-0.619, -0.190]; cambio máximo 0.302","Asociación dentro de arquitectura; soporte efectivo variable, sin contraste inferencial. Posensayo; excluido de INPUT"
First_Failure_Load_N,residual_Displacement_1cycle_10mm,6,9,0.47567729467987346,0.5166666666666666,0.3888888888888889,0.0,0.0,-0.040989371986793144,0.2873639290615672,0.8117984759018031,0.33612118122192963,100.0,26,9,0.35714285714285715,0.8333333333333334,0.31666666666666676,100.0,26,9,"rango LOO rho [0.357, 0.833]; cambio máximo 0.317","Asociación dentro de arquitectura; soporte efectivo variable, sin contraste inferencial. Posensayo; excluido de INPUT"
First_Failure_Load_N,residual_Displacement_6cycle_60mm,4,4,-0.402579025720869,0.19999999999999996,0.0,0.0,0.0,-0.602579025720869,-0.9822873944890658,0.4948834018258422,0.8974624275467111,75.0,4,4,-0.9999999999999998,0.4999999999999999,1.1999999999999997,75.0,3,4,"rango LOO rho [-1.000, 0.500]; cambio máximo 1.200","Asociación dentro de arquitectura; soporte efectivo variable, sin contraste inferencial. Posensayo; excluido de INPUT"
First_Failure_Load_N,residual_Displacement_6cycle_60mm,5,7,-0.6052050940631755,-0.5714285714285714,-0.5238095238095238,0.0,0.0,-0.03377652263460407,-0.8501152550457262,-0.34605274545414055,0.2591523486090349,100.0,10,7,-0.9428571428571428,-0.3142857142857143,0.37142857142857144,100.0,16,7,"rango LOO rho [-0.943, -0.314]; cambio máximo 0.371","Asociación dentro de arquitectura; soporte efectivo variable, sin contraste inferencial. Posensayo; excluido de INPUT"
First_Failure_Load_N,residual_Displacement_6cycle_60mm,6,9,0.7856935866855927,0.7166666666666666,0.5555555555555556,0.0,0.0,0.06902692001892619,0.6846628063505162,0.8732805897902114,0.10103078033507651,100.0,27,9,0.5952380952380952,0.8571428571428571,0.14047619047619053,100.0,22,9,"rango LOO rho [0.595, 0.857]; cambio máximo 0.140","Asociación dentro de arquitectura; soporte efectivo variable, sin contraste inferencial. Posensayo; excluido de INPUT"
First_Failure_Load_N,Dissipated_cycle_1,4,8,-0.026253679100790326,0.09523809523809523,0.07142857142857142,0.0,0.0,-0.12149177433888556,-0.15584525749245073,0.2409868278899625,0.26724050699075286,62.5,3,8,-0.21428571428571425,0.4285714285714285,0.33333333333333326,62.5,3,8,"rango LOO rho [-0.214, 0.429]; cambio máximo 0.333","Asociación dentro de arquitectura; soporte efectivo variable, sin contraste inferencial. Posensayo; unidad corroborada con tesis PDF pp.117/121 (docs/trazabilidad_datos.md); ausencia de energía no demuestra ausencia de evento/ciclo"
First_Failure_Load_N,Dissipated_cycle_1,5,9,0.7348487607068093,0.8999999999999999,0.7222222222222222,0.0,0.0,-0.16515123929319064,0.6408113597782326,0.8404205388012472,0.10557177809443796,100.0,17,9,0.8571428571428571,0.9285714285714286,0.042857142857142816,100.0,10,9,"rango LOO rho [0.857, 0.929]; cambio máximo 0.043","Asociación dentro de arquitectura; soporte efectivo variable, sin contraste inferencial. Posensayo; unidad corroborada con tesis PDF pp.117/121 (docs/trazabilidad_datos.md); ausencia de energía no demuestra ausencia de evento/ciclo"
First_Failure_Load_N,Dissipated_cycle_1,6,9,0.02173350646143868,-0.1333333333333333,-0.16666666666666666,0.0,0.0,0.15506683979477198,-0.2917552153242619,0.3399507357872239,0.3182172293257852,44.44444444444444,22,9,-0.38095238095238093,0.09523809523809523,0.24761904761904763,77.77777777777779,26,9,"rango LOO rho [-0.381, 0.095]; cambio máximo 0.248","Asociación dentro de arquitectura; soporte efectivo variable, sin contraste inferencial. Posensayo; unidad corroborada con tesis PDF pp.117/121 (docs/trazabilidad_datos.md); ausencia de energía no demuestra ausencia de evento/ciclo"
First_Failure_Load_N,Dissipated_cycle_5,4,8,-0.24146692684798624,-0.023809523809523808,0.07142857142857142,0.0,0.0,-0.21765740303846243,-0.401304678049943,0.15520655796626437,0.3966734848142506,87.5,5,8,-0.17857142857142855,0.3214285714285714,0.34523809523809523,75.0,5,8,"rango LOO rho [-0.179, 0.321]; cambio máximo 0.345","Asociación dentro de arquitectura; soporte efectivo variable, sin contraste inferencial. Posensayo; unidad corroborada con tesis PDF pp.117/121 (docs/trazabilidad_datos.md); ausencia de energía no demuestra ausencia de evento/ciclo"
First_Failure_Load_N,Dissipated_cycle_5,5,9,0.4933157462596559,0.4333333333333333,0.3333333333333333,0.0,0.0,0.059982412926322615,0.2822320235751516,0.6410162161624211,0.21108372268450432,100.0,10,9,0.19047619047619047,0.6190476190476191,0.24285714285714283,100.0,10,9,"rango LOO rho [0.190, 0.619]; cambio máximo 0.243","Asociación dentro de arquitectura; soporte efectivo variable, sin contraste inferencial. Posensayo; unidad corroborada con tesis PDF pp.117/121 (docs/trazabilidad_datos.md); ausencia de energía no demuestra ausencia de evento/ciclo"
First_Failure_Load_N,Dissipated_cycle_5,6,9,-0.08255811692564449,-0.21666666666666665,-0.16666666666666666,0.0,0.0,0.13410854974102215,-0.3418168751245993,0.07982070094772821,0.25925875819895483,66.66666666666666,26,9,-0.42857142857142855,0.0,0.21666666666666665,77.77777777777779,25,9,"rango LOO rho [-0.429, 0.000]; cambio máximo 0.217","Asociación dentro de arquitectura; soporte efectivo variable, sin contraste inferencial. Posensayo; unidad corroborada con tesis PDF pp.117/121 (docs/trazabilidad_datos.md); ausencia de energía no demuestra ausencia de evento/ciclo"
First_Failure_Load_N,Dissipated_cycle_6,4,4,0.48379422467478794,0.3999999999999999,0.3333333333333334,0.0,0.0,0.08379422467478803,0.06260501334846912,0.8799493325415515,0.4211892113263188,100.0,4,4,-0.4999999999999999,0.9999999999999998,0.8999999999999998,75.0,9,4,"rango LOO rho [-0.500, 1.000]; cambio máximo 0.900","Asociación dentro de arquitectura; soporte efectivo variable, sin contraste inferencial. Posensayo; unidad corroborada con tesis PDF pp.117/121 (docs/trazabilidad_datos.md); ausencia de energía no demuestra ausencia de evento/ciclo"
First_Failure_Load_N,Dissipated_cycle_6,5,7,0.5972347035467297,0.5357142857142857,0.4285714285714286,0.0,0.0,0.061520417832444,0.2230239001604037,0.7282226115535663,0.374210803386326,100.0,10,7,0.2571428571428571,0.8857142857142857,0.35,100.0,18,7,"rango LOO rho [0.257, 0.886]; cambio máximo 0.350","Asociación dentro de arquitectura; soporte efectivo variable, sin contraste inferencial. Posensayo; unidad corroborada con tesis PDF pp.117/121 (docs/trazabilidad_datos.md); ausencia de energía no demuestra ausencia de evento/ciclo"
First_Failure_Load_N,Dissipated_cycle_6,6,9,0.08718867215427177,-0.016666666666666663,0.0,0.0,0.0,0.10385533882093843,-0.10301132317966014,0.2911715022801192,0.2039828301258474,66.66666666666666,25,9,-0.21428571428571427,0.23809523809523808,0.25476190476190474,55.55555555555556,25,9,"rango LOO rho [-0.214, 0.238]; cambio máximo 0.255","Asociación dentro de arquitectura; soporte efectivo variable, sin contraste inferencial. Posensayo; unidad corroborada con tesis PDF pp.117/121 (docs/trazabilidad_datos.md); ausencia de energía no demuestra ausencia de evento/ciclo"
First_Failure_Load_N,Fracture_event_1,4,8,0.641584055026842,0.9285714285714286,0.7857142857142856,0.0,0.0,-0.2869873735445866,0.5395181138067632,0.9084476928574478,0.26686363783060574,100.0,5,8,0.8928571428571428,0.9285714285714285,0.03571428571428581,100.0,6,8,"rango LOO rho [0.893, 0.929]; cambio máximo 0.036","Asociación dentro de arquitectura; soporte efectivo variable, sin contraste inferencial. Posensayo; unidad corroborada con tesis PDF pp.117/121 (docs/trazabilidad_datos.md); ausencia de energía no demuestra ausencia de evento/ciclo"
First_Failure_Load_N,Fracture_event_1,5,9,0.9512318614974472,0.9333333333333332,0.8333333333333334,0.0,0.0,0.01789852816411397,0.9222503526204118,0.9705839628976641,0.028981508877035433,100.0,17,9,0.9047619047619048,0.9761904761904762,0.04285714285714293,100.0,13,9,"rango LOO rho [0.905, 0.976]; cambio máximo 0.043","Asociación dentro de arquitectura; soporte efectivo variable, sin contraste inferencial. Posensayo; unidad corroborada con tesis PDF pp.117/121 (docs/trazabilidad_datos.md); ausencia de energía no demuestra ausencia de evento/ciclo"
First_Failure_Load_N,Fracture_event_1,6,9,0.9063126488486729,0.9333333333333332,0.8333333333333334,0.0,0.0,-0.02702068448466033,0.8726190016472392,0.9635373141063268,0.057224665257653906,100.0,26,9,0.9047619047619048,0.9761904761904762,0.04285714285714293,100.0,26,9,"rango LOO rho [0.905, 0.976]; cambio máximo 0.043","Asociación dentro de arquitectura; soporte efectivo variable, sin contraste inferencial. Posensayo; unidad corroborada con tesis PDF pp.117/121 (docs/trazabilidad_datos.md); ausencia de energía no demuestra ausencia de evento/ciclo"
First_Failure_Load_N,Fracture_observed_sum,4,8,0.6068387182152314,0.8333333333333334,0.6428571428571428,0.0,0.0,-0.22649461511810198,0.4413375473651767,0.7117908928789276,0.16550117085005467,100.0,4,8,0.7857142857142856,0.8928571428571428,0.05952380952380942,100.0,3,8,"rango LOO rho [0.786, 0.893]; cambio máximo 0.060","Asociación dentro de arquitectura; soporte efectivo variable, sin contraste inferencial. Suma observada de longitud variable; no energía total del ensayo"
First_Failure_Load_N,Fracture_observed_sum,5,9,0.6819026729088429,0.7666666666666666,0.6666666666666666,0.0,0.0,-0.08476399375782373,0.5661492089496237,0.7722318763541176,0.11575346395921915,100.0,10,9,0.6666666666666666,0.9523809523809523,0.18571428571428572,100.0,13,9,"rango LOO rho [0.667, 0.952]; cambio máximo 0.186","Asociación dentro de arquitectura; soporte efectivo variable, sin contraste inferencial. Suma observada de longitud variable; no energía total del ensayo"
First_Failure_Load_N,Fracture_observed_sum,6,9,0.11621871594759185,-0.033333333333333326,-0.05555555555555555,0.0,0.0,0.1495520492809252,-0.2906373440067911,0.3861325142297511,0.40685605995438295,88.88888888888889,27,9,-0.47619047619047616,0.19047619047619047,0.44285714285714284,44.44444444444444,27,9,"rango LOO rho [-0.476, 0.190]; cambio máximo 0.443","Asociación dentro de arquitectura; soporte efectivo variable, sin contraste inferencial. Suma observada de longitud variable; no energía total del ensayo"
First_Failure_Load_N,Fracture_registered_events,4,8,0.08746363094481498,0.0975900072948533,0.03779644730092272,0.0,25.0,-0.010126376350038324,-0.06203701549249597,0.28069981530635185,0.1932361843615369,75.0,3,8,-0.1853123291652753,0.32433748657040123,0.2829023364601286,75.0,5,8,"rango LOO rho [-0.185, 0.324]; cambio máximo 0.283","Asociación dentro de arquitectura; soporte efectivo variable, sin contraste inferencial. Disponibilidad de registro, no conteo verificado de todas las fracturas"
First_Failure_Load_N,Fracture_registered_events,5,9,-0.16924020437239798,-0.2201927530252721,-0.16666666666666669,0.0,55.55555555555556,0.05095254865287413,-0.3598672020783826,0.03235811826915161,0.2015983226415496,88.88888888888889,13,9,-0.43643578047198467,0.0549857399228215,0.2751784929480936,88.88888888888889,13,9,"rango LOO rho [-0.436, 0.055]; cambio máximo 0.275","Asociación dentro de arquitectura; soporte efectivo variable, sin contraste inferencial. Disponibilidad de registro, no conteo verificado de todas las fracturas"
First_Failure_Load_N,Fracture_registered_events,6,9,-0.046280666889652294,-0.15256428831468233,-0.17677669529663687,0.0,44.44444444444444,0.10628362142503003,-0.3605565208207159,0.22747189014803887,0.3142758539310636,66.66666666666666,27,9,-0.5576679417142028,0.12123216124221799,0.4051036533995204,88.88888888888889,27,9,"rango LOO rho [-0.558, 0.121]; cambio máximo 0.405","Asociación dentro de arquitectura; soporte efectivo variable, sin contraste inferencial. Disponibilidad de registro, no conteo verificado de todas las fracturas"
First_Failure_Load_N,Fracture_initial_share,4,8,0.18345652685188368,0.2619047619047619,0.21428571428571427,0.0,0.0,-0.07844823505287823,-0.2164174199160571,0.4986900015268065,0.39987394676794075,87.5,3,8,-0.10714285714285712,0.6428571428571428,0.3809523809523809,87.5,4,8,"rango LOO rho [-0.107, 0.643]; cambio máximo 0.381","Asociación dentro de arquitectura; soporte efectivo variable, sin contraste inferencial. Comparte numerador y denominador con otras respuestas; sensible a cobertura de eventos"
First_Failure_Load_N,Fracture_initial_share,5,9,-0.30937563844563426,-0.41666666666666663,-0.2777777777777778,0.0,0.0,0.10729102822103237,-0.45646836553605724,-0.1157522521199551,0.19362338632567916,100.0,10,9,-0.5952380952380952,-0.16666666666666666,0.24999999999999997,100.0,10,9,"rango LOO rho [-0.595, -0.167]; cambio máximo 0.250","Asociación dentro de arquitectura; soporte efectivo variable, sin contraste inferencial. Comparte numerador y denominador con otras respuestas; sensible a cobertura de eventos"
First_Failure_Load_N,Fracture_initial_share,6,9,0.13766020920862854,0.20083857810137354,0.19720265943665388,0.0,11.111111111111116,-0.063178368892745,-0.19202089556997554,0.5919083986077172,0.4542481893990886,77.77777777777779,27,9,-0.047619047619047616,0.6190476190476191,0.41820904094624556,88.88888888888889,27,9,"rango LOO rho [-0.048, 0.619]; cambio máximo 0.418","Asociación dentro de arquitectura; soporte efectivo variable, sin contraste inferencial. Comparte numerador y denominador con otras respuestas; sensible a cobertura de eventos"
