celdas_Y,altura_fibra_mm,altura_pivote_mm,mediana_carga_N,soporte
4,1.0,1.0,47.55,observada
4,1.0,1.2,86.45,observada
4,1.0,1.4,71.19,observada
4,1.2,1.0,,sin respuesta
4,1.2,1.2,59.68,observada
4,1.2,1.4,74.02,observada
4,1.4,1.0,88.5,observada
4,1.4,1.2,63.05,observada
4,1.4,1.4,61.43,observada
5,1.0,1.0,114.3,observada
5,1.0,1.2,91.39,observada
5,1.0,1.4,91.8,observada
5,1.2,1.0,100.77,observada
5,1.2,1.2,103.01,observada
5,1.2,1.4,75.71,observada
5,1.4,1.0,111.98,observada
5,1.4,1.2,98.3,observada
5,1.4,1.4,107.15,observada
6,1.0,1.0,200.97,observada
6,1.0,1.2,215.52,observada
6,1.0,1.4,,sin respuesta
6,1.2,1.0,209.6,observada
6,1.2,1.2,198.11,observada
6,1.2,1.4,212.43,observada
6,1.4,1.0,,sin respuesta
6,1.4,1.2,198.47,observada
6,1.4,1.4,198.365,observada
