variable,Pearson,Spearman,Kendall,correlación_distancias,p_perm,IC95_rho_inf,IC95_rho_sup,q_BH,q_BY
n_cells_Y,0.9360429756558746,0.9306636625556622,0.8172582891051708,0.9375887618657573,0.0002,0.8605319159544417,0.9450873006301723,0.00030000000000000003,0.0008486904761904762
Fiber_height,0.004303961408123766,0.0,0.0036980013081681943,0.10035479658664459,1.0,-0.38336041536232535,0.3923333257176228,1.0,1.0
Fiber_base,-0.48138978149813244,-0.5518227374385258,-0.4007585538344704,0.45782033067034644,0.006,-0.7912642913631147,-0.20623883315314606,0.007714285714285715,0.021823469387755104
Fiber_total_length,0.9447842946196265,0.9306636625556622,0.8172582891051708,0.9463489876775826,0.0002,0.8643345901171741,0.9449306449628498,0.00030000000000000003,0.0008486904761904762
Fiber_total_volume,-0.845528881854057,-0.8280172493355417,-0.6127115859215582,0.8451930978247651,0.0002,-0.8966086562945752,-0.66801395820499,0.00030000000000000003,0.0008486904761904762
Pivot_height,-0.08940341926810871,-0.14828260147458738,-0.11463804055321403,0.15677631185718055,0.4628,-0.5243700233695902,0.22640885802169494,0.52065,1.0
Pivot_total_number,0.9510663474756396,0.9306636625556622,0.8172582891051708,0.9526398689372839,0.0002,0.8574618981373561,0.9452551961127129,0.00030000000000000003,0.0008486904761904762
Pivot_total_volume,0.8455288818540565,0.8280172493355417,0.6127115859215582,0.8451930978247647,0.0002,0.6720528566733477,0.8990063783255451,0.00030000000000000003,0.0008486904761904762
Sample_total_volume,0.7726672769945934,0.7993844048617449,0.5996973277031307,0.7612609697928802,0.0002,0.5929682002973206,0.9074725635979843,0.00030000000000000003,0.0008486904761904762
