variable,rho_global,rho_condicionado,p_perm_restringida,IC95_inf,IC95_sup,rho_familia_4,rho_familia_5,rho_familia_6,q_BH,q_BY
n_cells_Y,0.9306636625556622,,,,,,,,,
Fiber_height,0.0,1.410768854988434e-17,1.0,-0.41568344765648524,0.41837207428849943,0.12598815766974242,0.26352313834736496,-0.3689323936863109,1.0,1.0
Fiber_base,-0.5518227374385258,-0.03388352570724157,0.8812,-0.5068527602481331,0.430992237376051,-0.14458880781356395,-0.18410202992625907,-0.008549819600709616,1.0,1.0
Fiber_total_length,0.9306636625556622,,,,,,,,,
Fiber_total_volume,-0.8280172493355417,0.4773419234437283,0.0204,0.056585761217880635,0.7633099264824653,-0.03779644730092272,0.5797509043642028,0.6948792289723034,0.0624,0.15288
Pivot_height,-0.14828260147458738,-0.2561059979083721,0.2298,-0.6493581376464893,0.22817964763943793,0.03779644730092272,-0.5797509043642028,-0.05270462766947299,0.3447,0.8445149999999999
Pivot_total_number,0.9306636625556622,,,,,,,,,
Pivot_total_volume,0.8280172493355417,-0.4773419234437283,0.0208,-0.7469270298386425,-0.06300627009604369,0.03779644730092272,-0.5797509043642028,-0.6948792289723034,0.0624,0.15288
Sample_total_volume,0.7993844048617449,-0.2646968361098059,0.2196,-0.6864693879418285,0.2566164115104379,-0.2619047619047619,-0.21666666666666665,-0.21942686286812774,0.3447,0.8445149999999999
