variable,n_cells_Y,Fiber_height,Fiber_base,Fiber_total_length,Fiber_total_volume,Pivot_height,Pivot_total_number,Pivot_total_volume,Sample_total_volume,First_Failure_Load_N
n_cells_Y,1.0,0.0,-0.5866395562225689,1.0,-0.9488474727161108,-0.05997693194925029,1.0,0.9488474727161108,0.9042988876028176,0.9306636625556622
Fiber_height,0.0,1.0,-0.49183831280074564,0.0,-0.0372097048123965,0.22875816993464052,0.0,0.0372097048123965,-0.17882846032418337,0.0
Fiber_base,-0.5866395562225689,-0.49183831280074564,1.0,-0.5866395562225689,0.613779417316141,-0.09425536294146734,-0.5866395562225689,-0.613779417316141,-0.3126196887915833,-0.5518227374385258
Fiber_total_length,1.0,0.0,-0.5866395562225689,1.0,-0.9488474727161108,-0.05997693194925029,1.0,0.9488474727161108,0.9042988876028176,0.9306636625556622
Fiber_total_volume,-0.9488474727161108,-0.0372097048123965,0.613779417316141,-0.9488474727161108,1.0,-0.19863415951323427,-0.9488474727161108,-1.0,-0.8435861376713981,-0.8280172493355417
Pivot_height,-0.05997693194925029,0.22875816993464052,-0.09425536294146734,-0.05997693194925029,-0.19863415951323427,1.0,-0.05997693194925029,0.19863415951323427,-0.15434383340352945,-0.14828260147458738
Pivot_total_number,1.0,0.0,-0.5866395562225689,1.0,-0.9488474727161108,-0.05997693194925029,1.0,0.9488474727161108,0.9042988876028176,0.9306636625556622
Pivot_total_volume,0.9488474727161108,0.0372097048123965,-0.613779417316141,0.9488474727161108,-1.0,0.19863415951323427,0.9488474727161108,1.0,0.8435861376713981,0.8280172493355417
Sample_total_volume,0.9042988876028176,-0.17882846032418337,-0.3126196887915833,0.9042988876028176,-0.8435861376713981,-0.15434383340352945,0.9042988876028176,0.8435861376713981,1.0,0.7993844048617449
First_Failure_Load_N,0.9306636625556622,0.0,-0.5518227374385258,0.9306636625556622,-0.8280172493355417,-0.14828260147458738,0.9306636625556622,0.8280172493355417,0.7993844048617449,1.0
