variable,PC1,PC2,PC3
n_cells_Y,0.4053188051456345,-0.0851689520459934,-0.06413322555018855
Fiber_height,0.02978414854613487,0.721735476029146,-0.2838212692771206
Fiber_base,-0.25475427515640603,-0.4693338748867626,0.3855531659045726
Fiber_total_length,0.40493072225345567,-0.08544841595672242,-0.05967902185109272
Fiber_total_volume,-0.391509725401258,-0.05500367258036282,-0.2254864972113202
Pivot_height,0.01868428580056961,0.4165710686581018,0.8106710456801501
Pivot_total_number,0.4043530628776304,-0.0856123231274104,-0.05611620213618214
Pivot_total_volume,0.39150972540125806,0.05500367258036282,0.22548649721131944
Sample_total_volume,0.36817211734946936,-0.23949259118760247,-0.033086157267247396
