caso,ajustado_N,residuo_N,leverage,residuo_studentizado,Cook,Mahalanobis2,bandera_distancia,bandera_Cook,bandera_leverage
1,71.75080364900077,-24.200803649000775,0.23153779322328438,-2.346603997908661,0.33182490923227703,4.568353292916467,False,True,False
3,73.87043006081659,14.629569939183412,0.2940920938314509,1.4800582615908147,0.18252523739877946,5.312908494347788,False,True,False
17,95.97722946230326,-20.267229462303263,0.1736654117192778,-1.8951242710999443,0.15096031096352458,1.120132166515211,False,False,False
4,68.3491442224152,18.100855777584798,0.18114682884448274,1.7002679380888654,0.12790556101423475,3.659824258890347,False,False,False
25,205.98629066512206,-12.786290665122067,0.2045081571580266,-1.2185629867115455,0.0763485626320696,3.3189069208542543,False,False,False
10,101.72073510956646,12.579264890433535,0.2045081571580264,1.1988329529638477,0.07389622356516726,2.9052614165298185,False,False,False
22,202.58463123853647,12.935368761463536,0.1697557679312673,1.2066940061313827,0.05954468185259322,1.4658001493601132,False,False,False
23,200.24278501785884,12.187214982141171,0.17366541171927785,1.1395877740826563,0.05458621192557838,2.148598919360036,False,False,False
18,97.03704266821117,10.112957331788834,0.20450815715802662,0.9637881551000528,0.04776041253224433,2.427896259255236,False,False,False
27,201.30259822376675,-9.912598223766764,0.20450815715802678,-0.9446934700595963,0.045886689555311236,3.8146935436755016,False,False,False
