variable,análisis,rho_original,mínimo_omisión,máximo_omisión,cambio_máximo,signo_conservado_%,caso_más_influyente
n_cells_Y,global,0.9306636625556622,0.9282830396540712,0.9429903335828894,0.012326671027227176,100.0,17
Fiber_height,global,0.0,-0.08728370734720517,0.08606010397317893,0.08728370734720517,,1
Fiber_height,condicionada,1.410768854988434e-17,-0.0929371309557461,0.08803321373097654,0.09293713095574611,,3
Fiber_base,global,-0.5518227374385258,-0.6480068718895247,-0.4955626034788143,0.09618413445099883,100.0,19
Fiber_base,condicionada,-0.03388352570724157,-0.18369415668125139,0.057945259942464446,0.14981063097400982,73.07692307692307,10
Fiber_total_length,global,0.9306636625556622,0.9282830396540712,0.9429903335828894,0.012326671027227176,100.0,17
Fiber_total_volume,global,-0.8280172493355417,-0.8511882522520665,-0.8093119021648916,0.023171002916524852,100.0,17
Fiber_total_volume,condicionada,0.4773419234437283,0.4169770086084616,0.5954274846643429,0.11808556122061464,100.0,1
Pivot_height,global,-0.14828260147458738,-0.2533166745534878,-0.08988656193833436,0.10503407307890039,100.0,1
Pivot_height,condicionada,-0.2561059979083721,-0.36743186128894323,-0.1469861839480328,0.11132586338057116,100.0,1
Pivot_total_number,global,0.9306636625556622,0.9282830396540712,0.9429903335828894,0.012326671027227176,100.0,17
Pivot_total_volume,global,0.8280172493355417,0.8093119021648916,0.8511882522520665,0.023171002916524852,100.0,17
Pivot_total_volume,condicionada,-0.4773419234437283,-0.5954274846643429,-0.4169770086084616,0.11808556122061464,100.0,1
Sample_total_volume,global,0.7993844048617449,0.7858381143823043,0.832243232054006,0.032858827192261075,100.0,22
Sample_total_volume,condicionada,-0.2646968361098059,-0.41009265972135933,-0.16999753469529288,0.14539582361155345,100.0,10
