variable,rho_original,rho_sin_señales_pivote,condicionado_original,condicionado_sin_señales
n_cells_Y,0.9306636625556622,0.9212166563778329,,
Fiber_height,0.0,0.06313306611384349,1.410768854988434e-17,-0.006914597035076495
Fiber_base,-0.5518227374385258,-0.5555029509133397,-0.03388352570724157,-0.09651373351361899
Fiber_total_length,0.9306636625556622,0.9212166563778329,,
Fiber_total_volume,-0.8280172493355417,-0.8195970823949752,0.4773419234437283,0.3982464655137086
Pivot_height,-0.14828260147458738,-0.21008878333186212,-0.2561059979083721,-0.39214101074791435
Pivot_total_number,0.9306636625556622,0.9212166563778329,,
Pivot_total_volume,0.8280172493355417,0.8195970823949752,-0.4773419234437283,-0.3982464655137086
Sample_total_volume,0.7993844048617449,0.8063241106719368,-0.2646968361098059,-0.2311179741387967
