evento,mínimo,mediana,Q1,Q3,máximo
1,210.866,1405.5,1138.1,2706.5,2939.3
2,28.8881,275.67595,127.58435,424.804725,589.713
3,67.8376,190.88675,135.458875,318.10505,691.9393
4,9.1676,151.375,106.77385000000001,215.7297,339.6653
5,32.3337,191.7934,107.2369,312.5652,756.8873
6,36.1162,69.0101,54.1766,129.2727,242.241
7,23.1845,41.28965,28.152375000000003,56.263675000000006,75.6409
8,27.7895,89.2605,66.265925,145.6969,284.4988
9,89.9859,93.14994999999999,91.567925,94.73197499999999,96.314
10,41.3671,41.3671,41.3671,41.3671,41.3671
11,75.0021,75.0021,75.0021,75.0021,75.0021
12,71.2461,71.2461,71.2461,71.2461,71.2461
13,64.2911,64.2911,64.2911,64.2911,64.2911
